nohup: Eingabe wird ignoriert
Found local copy...
Found local copy...
These perturbations are not in the GO graph and their perturbation can thus not be predicted
[]
Local copy of pyg dataset is detected. Loading...
Done!
Devices available: 4; CV runs: 5
Processing 4 split(s)...
Split 4:
Split 3:
Creating dataloaders....
Done!
Found local copy...
Start Training...
Epoch 1 Step 1 Train Loss: 0.7637
Epoch 1 Step 51 Train Loss: 0.7627
Epoch 1 Step 101 Train Loss: 0.7488
Epoch 1 Step 151 Train Loss: 0.7365
Epoch 1 Step 201 Train Loss: 0.7567
Epoch 1 Step 251 Train Loss: 0.7574
Epoch 1 Step 301 Train Loss: 0.7380
Epoch 1 Step 351 Train Loss: 0.7503
Epoch 1 Step 401 Train Loss: 0.7474
Epoch 1 Step 451 Train Loss: 0.7463
Epoch 1 Step 501 Train Loss: 0.7339
Split 2:
Creating dataloaders....
Done!
Epoch 1 Step 551 Train Loss: 0.7469
Found local copy...
Epoch 1 Step 601 Train Loss: 0.7440
Epoch 1 Step 651 Train Loss: 0.7437
Epoch 1 Step 701 Train Loss: 0.7373
Epoch 1 Step 751 Train Loss: 0.7399
Epoch 1 Step 801 Train Loss: 0.7419
Epoch 1 Step 851 Train Loss: 0.7355
Start Training...
Epoch 1 Step 1 Train Loss: 0.7609
Epoch 1 Step 901 Train Loss: 0.7406
Epoch 1 Step 51 Train Loss: 0.7670
Epoch 1 Step 951 Train Loss: 0.7400
Epoch 1 Step 101 Train Loss: 0.7552
Epoch 1 Step 1001 Train Loss: 0.7349
Epoch 1 Step 151 Train Loss: 0.7525
Epoch 1 Step 1051 Train Loss: 0.7580
Epoch 1 Step 201 Train Loss: 0.7406
Epoch 1 Step 1101 Train Loss: 0.7282
Epoch 1 Step 251 Train Loss: 0.7395
Epoch 1 Step 1151 Train Loss: 0.7438
Epoch 1 Step 301 Train Loss: 0.7448
Epoch 1 Step 1201 Train Loss: 0.7371
Epoch 1 Step 351 Train Loss: 0.7483
Epoch 1 Step 1251 Train Loss: 0.7305
Epoch 1 Step 401 Train Loss: 0.7390
Epoch 1 Step 1301 Train Loss: 0.7341
Epoch 1 Step 451 Train Loss: 0.7417
Epoch 1 Step 1351 Train Loss: 0.7447
Epoch 1 Step 501 Train Loss: 0.7428
Epoch 1 Step 551 Train Loss: 0.7479
Epoch 1 Step 1401 Train Loss: 0.7402
Epoch 1 Step 601 Train Loss: 0.7398
Epoch 1 Step 1451 Train Loss: 0.7388
Epoch 1 Step 651 Train Loss: 0.7367
Split 1:
Epoch 1 Step 1501 Train Loss: 0.7353
Creating dataloaders....
Done!
Epoch 1 Step 701 Train Loss: 0.7315
Found local copy...
Epoch 1 Step 1551 Train Loss: 0.7437
Epoch 1 Step 751 Train Loss: 0.7315
Epoch 1 Step 1601 Train Loss: 0.7466
Epoch 1 Step 801 Train Loss: 0.7415
Epoch 1 Step 1651 Train Loss: 0.7513
Epoch 1 Step 851 Train Loss: 0.7398
Epoch 1 Step 1701 Train Loss: 0.7292
Epoch 1 Step 901 Train Loss: 0.7399
Epoch 1 Step 1751 Train Loss: 0.7336
Epoch 1 Step 951 Train Loss: 0.7409
Epoch 1 Step 1801 Train Loss: 0.7387
Epoch 1 Step 1001 Train Loss: 0.7284
Start Training...
Epoch 1 Step 1851 Train Loss: 0.7380
Epoch 1 Step 1 Train Loss: 0.7616
Epoch 1 Step 1051 Train Loss: 0.7448
Epoch 1 Step 1901 Train Loss: 0.7452
Epoch 1 Step 51 Train Loss: 0.7730
Epoch 1 Step 1101 Train Loss: 0.7397
Epoch 1 Step 1951 Train Loss: 0.7350
Epoch 1 Step 101 Train Loss: 0.7516
Epoch 1 Step 1151 Train Loss: 0.7246
Epoch 1 Step 2001 Train Loss: 0.7387
Epoch 1 Step 151 Train Loss: 0.7461
Epoch 1 Step 1201 Train Loss: 0.7292
Epoch 1 Step 2051 Train Loss: 0.7335
Epoch 1 Step 201 Train Loss: 0.7528
Epoch 1 Step 1251 Train Loss: 0.7406
Epoch 1 Step 2101 Train Loss: 0.7320
Epoch 1 Step 251 Train Loss: 0.7423
Epoch 1 Step 1301 Train Loss: 0.7423
Epoch 1 Step 2151 Train Loss: 0.7364
Epoch 1 Step 301 Train Loss: 0.7465
Epoch 1 Step 1351 Train Loss: 0.7308
Epoch 1 Step 2201 Train Loss: 0.7423
Epoch 1 Step 351 Train Loss: 0.7436
Epoch 1 Step 1401 Train Loss: 0.7413
Epoch 1 Step 2251 Train Loss: 0.7448
Epoch 1 Step 401 Train Loss: 0.7421
Epoch 1 Step 1451 Train Loss: 0.7469
Epoch 1 Step 2301 Train Loss: 0.7332
Epoch 1 Step 451 Train Loss: 0.7366
Epoch 1 Step 2351 Train Loss: 0.7459
Epoch 1 Step 1501 Train Loss: 0.7404
Epoch 1 Step 501 Train Loss: 0.7439
Epoch 1 Step 2401 Train Loss: 0.7420
Epoch 1 Step 1551 Train Loss: 0.7390
Epoch 1 Step 551 Train Loss: 0.7500
Epoch 1 Step 2451 Train Loss: 0.7482
Epoch 1 Step 1601 Train Loss: 0.7369
Epoch 1 Step 601 Train Loss: 0.7434
Epoch 1 Step 2501 Train Loss: 0.7416
Epoch 1 Step 1651 Train Loss: 0.7371
Creating dataloaders....
Done!
Epoch 1 Step 651 Train Loss: 0.7399
Epoch 1 Step 1701 Train Loss: 0.7404
Found local copy...
Epoch 1 Step 2551 Train Loss: 0.7413
Epoch 1 Step 701 Train Loss: 0.7375
Epoch 1 Step 1751 Train Loss: 0.7439
Epoch 1 Step 2601 Train Loss: 0.7455
Epoch 1 Step 751 Train Loss: 0.7386
Epoch 1 Step 1801 Train Loss: 0.7306
Epoch 1 Step 2651 Train Loss: 0.7364
Epoch 1 Step 801 Train Loss: 0.7448
Epoch 1 Step 1851 Train Loss: 0.7405
Epoch 1 Step 2701 Train Loss: 0.7283
Epoch 1 Step 851 Train Loss: 0.7393
Epoch 1 Step 1901 Train Loss: 0.7428
Epoch 1 Step 2751 Train Loss: 0.7398
Epoch 1 Step 901 Train Loss: 0.7485
Epoch 1 Step 1951 Train Loss: 0.7426
Epoch 1 Step 2801 Train Loss: 0.7384
Epoch 1 Step 951 Train Loss: 0.7392
Start Training...
Epoch 1 Step 2001 Train Loss: 0.7364
Epoch 1 Step 2851 Train Loss: 0.7489
Epoch 1 Step 1 Train Loss: 0.7533
Epoch 1 Step 1001 Train Loss: 0.7293
Epoch 1 Step 2051 Train Loss: 0.7576
Epoch 1 Step 51 Train Loss: 0.7634
Epoch 1 Step 2901 Train Loss: 0.7472
Epoch 1 Step 1051 Train Loss: 0.7408
Epoch 1 Step 2101 Train Loss: 0.7240
Epoch 1 Step 101 Train Loss: 0.7566
Epoch 1 Step 2951 Train Loss: 0.7370
Epoch 1 Step 1101 Train Loss: 0.7432
Epoch 1 Step 2151 Train Loss: 0.7314
Epoch 1 Step 151 Train Loss: 0.7585
Epoch 1 Step 3001 Train Loss: 0.7385
Epoch 1 Step 1151 Train Loss: 0.7340
Epoch 1 Step 2201 Train Loss: 0.7398
Epoch 1 Step 201 Train Loss: 0.7415
Epoch 1 Step 3051 Train Loss: 0.7315
Epoch 1 Step 1201 Train Loss: 0.7279
Epoch 1 Step 2251 Train Loss: 0.7463
Epoch 1 Step 251 Train Loss: 0.7504
Epoch 1 Step 3101 Train Loss: 0.7414
Epoch 1 Step 1251 Train Loss: 0.7427
Epoch 1 Step 2301 Train Loss: 0.7361
Epoch 1 Step 301 Train Loss: 0.7480
Epoch 1 Step 3151 Train Loss: 0.7289
Epoch 1 Step 1301 Train Loss: 0.7431
Epoch 1 Step 2351 Train Loss: 0.7356
Epoch 1 Step 351 Train Loss: 0.7507
Epoch 1 Step 3201 Train Loss: 0.7426
Epoch 1 Step 1351 Train Loss: 0.7320
Epoch 1 Step 401 Train Loss: 0.7414
Epoch 1 Step 2401 Train Loss: 0.7470
Epoch 1 Step 1401 Train Loss: 0.7357
Epoch 1 Step 451 Train Loss: 0.7307
Epoch 1 Step 2451 Train Loss: 0.7390
Epoch 1 Step 1451 Train Loss: 0.7443
Epoch 1 Step 501 Train Loss: 0.7464
Epoch 1 Step 2501 Train Loss: 0.7403
Epoch 1 Step 1501 Train Loss: 0.7427
Epoch 1 Step 551 Train Loss: 0.7505
Epoch 1 Step 2551 Train Loss: 0.7362
Epoch 1 Step 1551 Train Loss: 0.7396
Epoch 1 Step 601 Train Loss: 0.7527
Epoch 1 Step 2601 Train Loss: 0.7411
Epoch 1 Step 1601 Train Loss: 0.7474
Epoch 1 Step 651 Train Loss: 0.7440
Epoch 1 Step 2651 Train Loss: 0.7357
Epoch 1 Step 1651 Train Loss: 0.7364
Epoch 1 Step 701 Train Loss: 0.7373
Epoch 1 Step 2701 Train Loss: 0.7396
Epoch 1 Step 1701 Train Loss: 0.7370
Epoch 1 Step 751 Train Loss: 0.7338
Epoch 1 Step 2751 Train Loss: 0.7454
Epoch 1 Step 1751 Train Loss: 0.7439
Epoch 1 Step 801 Train Loss: 0.7423
Epoch 1 Step 2801 Train Loss: 0.7351
Epoch 1 Step 851 Train Loss: 0.7414
Epoch 1 Step 1801 Train Loss: 0.7335
Epoch 1 Step 2851 Train Loss: 0.7318
Epoch 1 Step 901 Train Loss: 0.7451
Epoch 1 Step 1851 Train Loss: 0.7352
Epoch 1 Step 2901 Train Loss: 0.7372
Epoch 1 Step 951 Train Loss: 0.7358
Epoch 1 Step 1901 Train Loss: 0.7460
Epoch 1 Step 2951 Train Loss: 0.7441
Epoch 1 Step 1001 Train Loss: 0.7265
Epoch 1 Step 1951 Train Loss: 0.7360
Epoch 1 Step 3001 Train Loss: 0.7465
Epoch 1 Step 1051 Train Loss: 0.7438
Epoch 1 Step 2001 Train Loss: 0.7376
Epoch 1 Step 3051 Train Loss: 0.7497
Epoch 1 Step 1101 Train Loss: 0.7471
Epoch 1 Step 2051 Train Loss: 0.7536
Epoch 1 Step 3101 Train Loss: 0.7418
Epoch 1 Step 2101 Train Loss: 0.7206
Epoch 1 Step 1151 Train Loss: 0.7401
Epoch 1 Step 3151 Train Loss: 0.7511
Epoch 1 Step 2151 Train Loss: 0.7282
Epoch 1 Step 1201 Train Loss: 0.7250
Epoch 1 Step 3201 Train Loss: 0.7446
Epoch 1 Step 2201 Train Loss: 0.7453
Epoch 1 Step 1251 Train Loss: 0.7518
Epoch 1 Step 3251 Train Loss: 0.7416
Epoch 1 Step 2251 Train Loss: 0.7459
Epoch 1 Step 1301 Train Loss: 0.7356
Epoch 1 Step 3301 Train Loss: 0.7411
Epoch 1 Step 2301 Train Loss: 0.7389
Epoch 1 Step 1351 Train Loss: 0.7479
Epoch 1 Step 2351 Train Loss: 0.7369
Epoch 1 Step 1401 Train Loss: 0.7382
Epoch 1 Step 2401 Train Loss: 0.7392
Epoch 1 Step 1451 Train Loss: 0.7385
Epoch 1 Step 2451 Train Loss: 0.7366
Epoch 1 Step 1501 Train Loss: 0.7341
Epoch 1 Step 2501 Train Loss: 0.7451
Epoch 1 Step 1551 Train Loss: 0.7393
Epoch 1 Step 2551 Train Loss: 0.7318
Epoch 1 Step 1601 Train Loss: 0.7502
Epoch 1 Step 2601 Train Loss: 0.7321
Epoch 1 Step 1651 Train Loss: 0.7360
Epoch 1 Step 2651 Train Loss: 0.7427
Epoch 1 Step 1701 Train Loss: 0.7432
Epoch 1 Step 2701 Train Loss: 0.7401
Epoch 1 Step 1751 Train Loss: 0.7349
Epoch 1 Step 2751 Train Loss: 0.7382
Epoch 1 Step 1801 Train Loss: 0.7338
Epoch 1 Step 2801 Train Loss: 0.7378
Epoch 1 Step 1851 Train Loss: 0.7384
Epoch 1 Step 2851 Train Loss: 0.7315
Epoch 1 Step 1901 Train Loss: 0.7406
Epoch 1 Step 2901 Train Loss: 0.7389
Epoch 1 Step 1951 Train Loss: 0.7356
Epoch 1 Step 2951 Train Loss: 0.7451
Epoch 1 Step 2001 Train Loss: 0.7452
Epoch 1 Step 3001 Train Loss: 0.7392
Epoch 1 Step 2051 Train Loss: 0.7441
Epoch 1 Step 3051 Train Loss: 0.7417
Epoch 1 Step 2101 Train Loss: 0.7183
Epoch 1 Step 3101 Train Loss: 0.7415
Epoch 1 Step 2151 Train Loss: 0.7313
Epoch 1 Step 3151 Train Loss: 0.7496
Epoch 1 Step 2201 Train Loss: 0.7436
Epoch 1 Step 3201 Train Loss: 0.7450
Epoch 1 Step 2251 Train Loss: 0.7439
Epoch 1 Step 3251 Train Loss: 0.7351
Epoch 1 Step 2301 Train Loss: 0.7404
Epoch 1 Step 3301 Train Loss: 0.7361
Epoch 1 Step 2351 Train Loss: 0.7407
Epoch 1 Step 2401 Train Loss: 0.7395
Epoch 1 Step 2451 Train Loss: 0.7382
Epoch 1 Step 2501 Train Loss: 0.7413
Epoch 1 Step 2551 Train Loss: 0.7437
Epoch 1 Step 2601 Train Loss: 0.7322
Epoch 1: Train Overall MSE: 0.0063 Validation Overall MSE: 0.0063. 
Train Top 20 DE MSE: 0.0803 Validation Top 20 DE MSE: 0.0803. 
Epoch 2 Step 1 Train Loss: 0.7419
Epoch 1 Step 2651 Train Loss: 0.7420
Epoch 2 Step 51 Train Loss: 0.7385
Epoch 1 Step 2701 Train Loss: 0.7390
Epoch 2 Step 101 Train Loss: 0.7392
Epoch 1 Step 2751 Train Loss: 0.7379
Epoch 2 Step 151 Train Loss: 0.7404
Epoch 1 Step 2801 Train Loss: 0.7397
Epoch 2 Step 201 Train Loss: 0.7368
Epoch 1 Step 2851 Train Loss: 0.7213
Epoch 2 Step 251 Train Loss: 0.7353
Epoch 1 Step 2901 Train Loss: 0.7338
Epoch 2 Step 301 Train Loss: 0.7369
Epoch 1 Step 2951 Train Loss: 0.7522
Epoch 2 Step 351 Train Loss: 0.7414
Epoch 1 Step 3001 Train Loss: 0.7360
Epoch 2 Step 401 Train Loss: 0.7370
Epoch 1 Step 3051 Train Loss: 0.7388
Epoch 2 Step 451 Train Loss: 0.7373
Epoch 1 Step 3101 Train Loss: 0.7376
Epoch 2 Step 501 Train Loss: 0.7315
Epoch 1 Step 3151 Train Loss: 0.7436
Epoch 2 Step 551 Train Loss: 0.7410
Epoch 1 Step 3201 Train Loss: 0.7523
Epoch 2 Step 601 Train Loss: 0.7267
Epoch 1 Step 3251 Train Loss: 0.7374
Epoch 2 Step 651 Train Loss: 0.7304
Epoch 1 Step 3301 Train Loss: 0.7380
Epoch 2 Step 701 Train Loss: 0.7289
Epoch 2 Step 751 Train Loss: 0.7290
Epoch 2 Step 801 Train Loss: 0.7446
Epoch 2 Step 851 Train Loss: 0.7417
Epoch 2 Step 901 Train Loss: 0.7484
Epoch 2 Step 951 Train Loss: 0.7487
Epoch 1: Train Overall MSE: 0.0065 Validation Overall MSE: 0.0065. 
Train Top 20 DE MSE: 0.0737 Validation Top 20 DE MSE: 0.0737. 
Epoch 2 Step 1 Train Loss: 0.7413
Epoch 2 Step 1001 Train Loss: 0.7441
Epoch 2 Step 51 Train Loss: 0.7501
Epoch 2 Step 1051 Train Loss: 0.7352
Epoch 2 Step 101 Train Loss: 0.7309
Epoch 2 Step 1101 Train Loss: 0.7305
Epoch 2 Step 151 Train Loss: 0.7365
Epoch 2 Step 1151 Train Loss: 0.7320
Epoch 2 Step 201 Train Loss: 0.7396
Epoch 2 Step 1201 Train Loss: 0.7411
Epoch 2 Step 251 Train Loss: 0.7342
Epoch 2 Step 1251 Train Loss: 0.7387
Epoch 2 Step 301 Train Loss: 0.7366
Epoch 2 Step 1301 Train Loss: 0.7458
Epoch 2 Step 351 Train Loss: 0.7401
Epoch 2 Step 1351 Train Loss: 0.7417
Epoch 2 Step 401 Train Loss: 0.7246
Epoch 2 Step 1401 Train Loss: 0.7431
Epoch 2 Step 451 Train Loss: 0.7419
Epoch 2 Step 1451 Train Loss: 0.7524
Epoch 2 Step 501 Train Loss: 0.7343
Epoch 2 Step 1501 Train Loss: 0.7242
Epoch 2 Step 551 Train Loss: 0.7349
Epoch 2 Step 1551 Train Loss: 0.7324
Epoch 2 Step 601 Train Loss: 0.7404
Epoch 2 Step 1601 Train Loss: 0.7343
Epoch 2 Step 651 Train Loss: 0.7382
Epoch 2 Step 1651 Train Loss: 0.7432
Epoch 2 Step 1701 Train Loss: 0.7412
Epoch 2 Step 701 Train Loss: 0.7434
Epoch 2 Step 1751 Train Loss: 0.7456
Epoch 2 Step 751 Train Loss: 0.7348
Epoch 2 Step 1801 Train Loss: 0.7363
Epoch 2 Step 801 Train Loss: 0.7304
Epoch 2 Step 851 Train Loss: 0.7527
Epoch 2 Step 1851 Train Loss: 0.7296
Epoch 2 Step 901 Train Loss: 0.7334
Epoch 2 Step 1901 Train Loss: 0.7500
Epoch 2 Step 951 Train Loss: 0.7328
Epoch 2 Step 1951 Train Loss: 0.7509
Epoch 2 Step 1001 Train Loss: 0.7318
Epoch 2 Step 2001 Train Loss: 0.7388
Epoch 2 Step 1051 Train Loss: 0.7448
Epoch 2 Step 2051 Train Loss: 0.7303
Epoch 1: Train Overall MSE: 0.0062 Validation Overall MSE: 0.0062. 
Train Top 20 DE MSE: 0.0842 Validation Top 20 DE MSE: 0.0843. 
Epoch 2 Step 1 Train Loss: 0.7392
Epoch 2 Step 1101 Train Loss: 0.7456
Epoch 2 Step 2101 Train Loss: 0.7403
Epoch 2 Step 51 Train Loss: 0.7470
Epoch 2 Step 1151 Train Loss: 0.7419
Epoch 2 Step 2151 Train Loss: 0.7376
Epoch 2 Step 101 Train Loss: 0.7330
Epoch 2 Step 1201 Train Loss: 0.7344
Epoch 2 Step 2201 Train Loss: 0.7374
Epoch 2 Step 151 Train Loss: 0.7325
Epoch 2 Step 1251 Train Loss: 0.7457
Epoch 2 Step 2251 Train Loss: 0.7311
Epoch 2 Step 201 Train Loss: 0.7384
Epoch 2 Step 1301 Train Loss: 0.7395
Epoch 2 Step 2301 Train Loss: 0.7520
Epoch 2 Step 251 Train Loss: 0.7425
Epoch 2 Step 1351 Train Loss: 0.7397
Epoch 2 Step 2351 Train Loss: 0.7274
Epoch 2 Step 301 Train Loss: 0.7390
Epoch 2 Step 1401 Train Loss: 0.7320
Epoch 2 Step 2401 Train Loss: 0.7390
Epoch 2 Step 351 Train Loss: 0.7403
Epoch 2 Step 1451 Train Loss: 0.7438
Epoch 2 Step 2451 Train Loss: 0.7442
Epoch 2 Step 401 Train Loss: 0.7335
Epoch 2 Step 1501 Train Loss: 0.7324
Epoch 2 Step 2501 Train Loss: 0.7327
Epoch 2 Step 451 Train Loss: 0.7374
Epoch 2 Step 1551 Train Loss: 0.7422
Epoch 2 Step 2551 Train Loss: 0.7411
Epoch 2 Step 501 Train Loss: 0.7402
Epoch 2 Step 1601 Train Loss: 0.7381
Epoch 2 Step 2601 Train Loss: 0.7297
Epoch 2 Step 551 Train Loss: 0.7313
Epoch 2 Step 2651 Train Loss: 0.7361
Epoch 2 Step 1651 Train Loss: 0.7324
Epoch 2 Step 601 Train Loss: 0.7422
Epoch 2 Step 2701 Train Loss: 0.7347
Epoch 2 Step 1701 Train Loss: 0.7311
Epoch 2 Step 651 Train Loss: 0.7431
Epoch 2 Step 2751 Train Loss: 0.7353
Epoch 2 Step 1751 Train Loss: 0.7266
Epoch 2 Step 701 Train Loss: 0.7426
Epoch 2 Step 2801 Train Loss: 0.7511
Epoch 2 Step 1801 Train Loss: 0.7458
Epoch 2 Step 751 Train Loss: 0.7334
Epoch 2 Step 2851 Train Loss: 0.7526
Epoch 2 Step 1851 Train Loss: 0.7366
Epoch 2 Step 801 Train Loss: 0.7444
Epoch 2 Step 2901 Train Loss: 0.7313
Epoch 2 Step 1901 Train Loss: 0.7420
Epoch 2 Step 851 Train Loss: 0.7410
Epoch 2 Step 2951 Train Loss: 0.7415
Epoch 2 Step 1951 Train Loss: 0.7453
Epoch 2 Step 901 Train Loss: 0.7291
Epoch 2 Step 3001 Train Loss: 0.7508
Epoch 2 Step 2001 Train Loss: 0.7425
Epoch 2 Step 951 Train Loss: 0.7379
Epoch 2 Step 3051 Train Loss: 0.7315
Epoch 1: Train Overall MSE: 0.0060 Validation Overall MSE: 0.0060. 
Train Top 20 DE MSE: 0.0830 Validation Top 20 DE MSE: 0.0830. 
Epoch 2 Step 1 Train Loss: 0.7350
Epoch 2 Step 2051 Train Loss: 0.7387
Epoch 2 Step 1001 Train Loss: 0.7303
Epoch 2 Step 3101 Train Loss: 0.7256
Epoch 2 Step 51 Train Loss: 0.7508
Epoch 2 Step 2101 Train Loss: 0.7421
Epoch 2 Step 1051 Train Loss: 0.7414
Epoch 2 Step 3151 Train Loss: 0.7292
Epoch 2 Step 101 Train Loss: 0.7308
Epoch 2 Step 2151 Train Loss: 0.7400
Epoch 2 Step 1101 Train Loss: 0.7407
Epoch 2 Step 3201 Train Loss: 0.7506
Epoch 2 Step 151 Train Loss: 0.7286
Epoch 2 Step 2201 Train Loss: 0.7380
Epoch 2 Step 1151 Train Loss: 0.7415
Epoch 2 Step 201 Train Loss: 0.7432
Epoch 2 Step 2251 Train Loss: 0.7371
Epoch 2 Step 1201 Train Loss: 0.7328
Epoch 2 Step 251 Train Loss: 0.7332
Epoch 2 Step 2301 Train Loss: 0.7426
Epoch 2 Step 1251 Train Loss: 0.7463
Epoch 2 Step 301 Train Loss: 0.7388
Epoch 2 Step 2351 Train Loss: 0.7374
Epoch 2 Step 1301 Train Loss: 0.7385
Epoch 2 Step 351 Train Loss: 0.7446
Epoch 2 Step 2401 Train Loss: 0.7491
Epoch 2 Step 1351 Train Loss: 0.7399
Epoch 2 Step 401 Train Loss: 0.7393
Epoch 2 Step 2451 Train Loss: 0.7409
Epoch 2 Step 1401 Train Loss: 0.7338
Epoch 2 Step 451 Train Loss: 0.7400
Epoch 2 Step 2501 Train Loss: 0.7415
Epoch 2 Step 1451 Train Loss: 0.7370
Epoch 2 Step 501 Train Loss: 0.7313
Epoch 2 Step 2551 Train Loss: 0.7302
Epoch 2 Step 1501 Train Loss: 0.7415
Epoch 2 Step 551 Train Loss: 0.7331
Epoch 2 Step 2601 Train Loss: 0.7446
Epoch 2 Step 1551 Train Loss: 0.7460
Epoch 2 Step 601 Train Loss: 0.7439
Epoch 2 Step 2651 Train Loss: 0.7464
Epoch 2 Step 1601 Train Loss: 0.7382
Epoch 2 Step 651 Train Loss: 0.7425
Epoch 2 Step 2701 Train Loss: 0.7447
Epoch 2 Step 1651 Train Loss: 0.7387
Epoch 2 Step 701 Train Loss: 0.7408
Epoch 2 Step 2751 Train Loss: 0.7493
Epoch 2 Step 1701 Train Loss: 0.7359
Epoch 2 Step 751 Train Loss: 0.7332
Epoch 2 Step 2801 Train Loss: 0.7363
Epoch 2 Step 1751 Train Loss: 0.7235
Epoch 2 Step 801 Train Loss: 0.7477
Epoch 2 Step 2851 Train Loss: 0.7467
Epoch 2 Step 1801 Train Loss: 0.7348
Epoch 2 Step 851 Train Loss: 0.7300
Epoch 2 Step 2901 Train Loss: 0.7462
Epoch 2 Step 1851 Train Loss: 0.7321
Epoch 2 Step 901 Train Loss: 0.7297
Epoch 2 Step 2951 Train Loss: 0.7540
Epoch 2 Step 1901 Train Loss: 0.7454
Epoch 2 Step 951 Train Loss: 0.7431
Epoch 2 Step 3001 Train Loss: 0.7292
Epoch 2 Step 1951 Train Loss: 0.7481
Epoch 2 Step 1001 Train Loss: 0.7389
Epoch 2 Step 2001 Train Loss: 0.7449
Epoch 2 Step 3051 Train Loss: 0.7215
Epoch 2 Step 1051 Train Loss: 0.7334
Epoch 2 Step 2051 Train Loss: 0.7342
Epoch 2 Step 3101 Train Loss: 0.7499
Epoch 2 Step 1101 Train Loss: 0.7249
Epoch 2 Step 2101 Train Loss: 0.7500
Epoch 2 Step 3151 Train Loss: 0.7230
Epoch 2 Step 1151 Train Loss: 0.7371
Epoch 2 Step 2151 Train Loss: 0.7360
Epoch 2 Step 3201 Train Loss: 0.7271
Epoch 2 Step 1201 Train Loss: 0.7373
Epoch 2 Step 2201 Train Loss: 0.7348
Epoch 2 Step 3251 Train Loss: 0.7398
Epoch 2 Step 1251 Train Loss: 0.7429
Epoch 2 Step 2251 Train Loss: 0.7386
Epoch 2 Step 3301 Train Loss: 0.7329
Epoch 2 Step 1301 Train Loss: 0.7320
Epoch 2 Step 2301 Train Loss: 0.7375
Epoch 2 Step 1351 Train Loss: 0.7432
Epoch 2 Step 2351 Train Loss: 0.7376
Epoch 2 Step 1401 Train Loss: 0.7376
Epoch 2 Step 2401 Train Loss: 0.7426
Epoch 2 Step 1451 Train Loss: 0.7376
Epoch 2 Step 2451 Train Loss: 0.7413
Epoch 2 Step 1501 Train Loss: 0.7359
Epoch 2 Step 2501 Train Loss: 0.7441
Epoch 2 Step 1551 Train Loss: 0.7453
Epoch 2 Step 2551 Train Loss: 0.7324
Epoch 2 Step 1601 Train Loss: 0.7379
Epoch 2 Step 2601 Train Loss: 0.7391
Epoch 2 Step 1651 Train Loss: 0.7421
Epoch 2 Step 2651 Train Loss: 0.7397
Epoch 2 Step 1701 Train Loss: 0.7393
Epoch 2 Step 2701 Train Loss: 0.7385
Epoch 2 Step 1751 Train Loss: 0.7238
Epoch 2 Step 2751 Train Loss: 0.7482
Epoch 2 Step 1801 Train Loss: 0.7330
Epoch 2 Step 2801 Train Loss: 0.7334
Epoch 2 Step 1851 Train Loss: 0.7383
Epoch 2 Step 2851 Train Loss: 0.7479
Epoch 2 Step 1901 Train Loss: 0.7387
Epoch 2 Step 2901 Train Loss: 0.7465
Epoch 2 Step 1951 Train Loss: 0.7486
Epoch 2 Step 2951 Train Loss: 0.7354
Epoch 2 Step 2001 Train Loss: 0.7416
Epoch 2 Step 3001 Train Loss: 0.7304
Epoch 2 Step 2051 Train Loss: 0.7399
Epoch 2 Step 3051 Train Loss: 0.7320
Epoch 2 Step 2101 Train Loss: 0.7463
Epoch 2 Step 3101 Train Loss: 0.7498
Epoch 2 Step 2151 Train Loss: 0.7395
Epoch 2 Step 3151 Train Loss: 0.7253
Epoch 2 Step 2201 Train Loss: 0.7345
Epoch 2 Step 3201 Train Loss: 0.7283
Epoch 2 Step 2251 Train Loss: 0.7464
Epoch 2 Step 3251 Train Loss: 0.7360
Epoch 2 Step 2301 Train Loss: 0.7312
Epoch 2 Step 3301 Train Loss: 0.7369
Epoch 2 Step 2351 Train Loss: 0.7395
Epoch 2 Step 2401 Train Loss: 0.7375
Epoch 2 Step 2451 Train Loss: 0.7351
Epoch 2 Step 2501 Train Loss: 0.7453
Epoch 2 Step 2551 Train Loss: 0.7314
Epoch 2 Step 2601 Train Loss: 0.7446
Epoch 2 Step 2651 Train Loss: 0.7455
Epoch 2 Step 2701 Train Loss: 0.7392
Epoch 2 Step 2751 Train Loss: 0.7398
Epoch 2 Step 2801 Train Loss: 0.7433
Epoch 2 Step 2851 Train Loss: 0.7487
Epoch 2 Step 2901 Train Loss: 0.7456
Epoch 2 Step 2951 Train Loss: 0.7354
Epoch 2 Step 3001 Train Loss: 0.7337
Epoch 2 Step 3051 Train Loss: 0.7311
Epoch 2 Step 3101 Train Loss: 0.7497
Epoch 2 Step 3151 Train Loss: 0.7203
Epoch 2 Step 3201 Train Loss: 0.7221
Epoch 2 Step 3251 Train Loss: 0.7405
Epoch 2 Step 3301 Train Loss: 0.7453
Epoch 2: Train Overall MSE: 0.0063 Validation Overall MSE: 0.0063. 
Train Top 20 DE MSE: 0.0756 Validation Top 20 DE MSE: 0.0756. 
Epoch 3 Step 1 Train Loss: 0.7439
Epoch 3 Step 51 Train Loss: 0.7356
Epoch 3 Step 101 Train Loss: 0.7354
Epoch 3 Step 151 Train Loss: 0.7387
Epoch 3 Step 201 Train Loss: 0.7292
Epoch 3 Step 251 Train Loss: 0.7300
Epoch 3 Step 301 Train Loss: 0.7483
Epoch 3 Step 351 Train Loss: 0.7424
Epoch 3 Step 401 Train Loss: 0.7314
Epoch 3 Step 451 Train Loss: 0.7396
Epoch 3 Step 501 Train Loss: 0.7415
Epoch 3 Step 551 Train Loss: 0.7385
Epoch 3 Step 601 Train Loss: 0.7463
Epoch 3 Step 651 Train Loss: 0.7434
Epoch 3 Step 701 Train Loss: 0.7360
Epoch 3 Step 751 Train Loss: 0.7450
Epoch 3 Step 801 Train Loss: 0.7264
Epoch 3 Step 851 Train Loss: 0.7395
Epoch 3 Step 901 Train Loss: 0.7397
Epoch 3 Step 951 Train Loss: 0.7454
Epoch 3 Step 1001 Train Loss: 0.7404
Epoch 2: Train Overall MSE: 0.0110 Validation Overall MSE: 0.0110. 
Train Top 20 DE MSE: 0.0858 Validation Top 20 DE MSE: 0.0858. 
Epoch 3 Step 1 Train Loss: 0.7497
Epoch 3 Step 1051 Train Loss: 0.7320
Epoch 3 Step 51 Train Loss: 0.7379
Epoch 3 Step 1101 Train Loss: 0.7465
Epoch 3 Step 101 Train Loss: 0.7366
Epoch 3 Step 1151 Train Loss: 0.7342
Epoch 3 Step 151 Train Loss: 0.7350
Epoch 3 Step 1201 Train Loss: 0.7386
Epoch 3 Step 201 Train Loss: 0.7288
Epoch 3 Step 1251 Train Loss: 0.7433
Epoch 3 Step 251 Train Loss: 0.7326
Epoch 3 Step 1301 Train Loss: 0.7390
Epoch 3 Step 301 Train Loss: 0.7498
Epoch 3 Step 1351 Train Loss: 0.7405
Epoch 3 Step 351 Train Loss: 0.7481
Epoch 3 Step 1401 Train Loss: 0.7360
Epoch 3 Step 401 Train Loss: 0.7297
Epoch 3 Step 1451 Train Loss: 0.7414
Epoch 3 Step 451 Train Loss: 0.7404
Epoch 3 Step 1501 Train Loss: 0.7339
Epoch 3 Step 501 Train Loss: 0.7413
Epoch 3 Step 1551 Train Loss: 0.7399
Epoch 3 Step 551 Train Loss: 0.7378
Epoch 3 Step 1601 Train Loss: 0.7421
Epoch 3 Step 601 Train Loss: 0.7558
Epoch 3 Step 1651 Train Loss: 0.7556
Epoch 3 Step 651 Train Loss: 0.7437
Epoch 3 Step 1701 Train Loss: 0.7393
Epoch 3 Step 701 Train Loss: 0.7288
Epoch 3 Step 1751 Train Loss: 0.7486
Epoch 3 Step 751 Train Loss: 0.7400
Epoch 3 Step 1801 Train Loss: 0.7356
Epoch 3 Step 801 Train Loss: 0.7226
Epoch 3 Step 1851 Train Loss: 0.7409
Epoch 3 Step 851 Train Loss: 0.7460
Epoch 3 Step 1901 Train Loss: 0.7442
Epoch 3 Step 901 Train Loss: 0.7415
Epoch 3 Step 1951 Train Loss: 0.7269
Epoch 3 Step 951 Train Loss: 0.7458
Epoch 3 Step 2001 Train Loss: 0.7358
Epoch 3 Step 1001 Train Loss: 0.7404
Epoch 2: Train Overall MSE: 0.0058 Validation Overall MSE: 0.0058. 
Train Top 20 DE MSE: 0.0794 Validation Top 20 DE MSE: 0.0794. 
Epoch 3 Step 1 Train Loss: 0.7479
Epoch 3 Step 2051 Train Loss: 0.7292
Epoch 3 Step 1051 Train Loss: 0.7286
Epoch 3 Step 51 Train Loss: 0.7542
Epoch 3 Step 2101 Train Loss: 0.7310
Epoch 3 Step 1101 Train Loss: 0.7421
Epoch 3 Step 101 Train Loss: 0.7341
Epoch 3 Step 2151 Train Loss: 0.7448
Epoch 3 Step 1151 Train Loss: 0.7334
Epoch 3 Step 151 Train Loss: 0.7354
Epoch 3 Step 2201 Train Loss: 0.7382
Epoch 3 Step 1201 Train Loss: 0.7363
Epoch 3 Step 201 Train Loss: 0.7262
Epoch 3 Step 2251 Train Loss: 0.7354
Epoch 3 Step 1251 Train Loss: 0.7386
Epoch 3 Step 251 Train Loss: 0.7384
Epoch 3 Step 2301 Train Loss: 0.7355
Epoch 3 Step 1301 Train Loss: 0.7401
Epoch 3 Step 301 Train Loss: 0.7499
Epoch 3 Step 2351 Train Loss: 0.7432
Epoch 3 Step 1351 Train Loss: 0.7404
Epoch 3 Step 351 Train Loss: 0.7516
Epoch 3 Step 2401 Train Loss: 0.7393
Epoch 3 Step 1401 Train Loss: 0.7347
Epoch 3 Step 401 Train Loss: 0.7271
Epoch 3 Step 2451 Train Loss: 0.7357
Epoch 3 Step 1451 Train Loss: 0.7344
Epoch 3 Step 451 Train Loss: 0.7374
Epoch 3 Step 2501 Train Loss: 0.7265
Epoch 3 Step 1501 Train Loss: 0.7463
Epoch 3 Step 501 Train Loss: 0.7454
Epoch 3 Step 2551 Train Loss: 0.7355
Epoch 3 Step 1551 Train Loss: 0.7371
Epoch 3 Step 551 Train Loss: 0.7493
Epoch 3 Step 2601 Train Loss: 0.7429
Epoch 3 Step 1601 Train Loss: 0.7424
Epoch 3 Step 601 Train Loss: 0.7522
Epoch 3 Step 2651 Train Loss: 0.7408
Epoch 3 Step 1651 Train Loss: 0.7508
Epoch 3 Step 651 Train Loss: 0.7458
Epoch 3 Step 2701 Train Loss: 0.7315
Epoch 3 Step 1701 Train Loss: 0.7408
Epoch 3 Step 701 Train Loss: 0.7335
Epoch 3 Step 2751 Train Loss: 0.7379
Epoch 3 Step 1751 Train Loss: 0.7515
Epoch 3 Step 751 Train Loss: 0.7399
Epoch 3 Step 2801 Train Loss: 0.7441
Epoch 3 Step 1801 Train Loss: 0.7369
Epoch 3 Step 801 Train Loss: 0.7305
Epoch 3 Step 2851 Train Loss: 0.7382
Epoch 3 Step 1851 Train Loss: 0.7415
Epoch 3 Step 851 Train Loss: 0.7465
Epoch 3 Step 2901 Train Loss: 0.7517
Epoch 3 Step 1901 Train Loss: 0.7397
Epoch 3 Step 901 Train Loss: 0.7434
Epoch 3 Step 2951 Train Loss: 0.7475
Epoch 3 Step 1951 Train Loss: 0.7264
Epoch 3 Step 951 Train Loss: 0.7336
Epoch 3 Step 3001 Train Loss: 0.7412
Epoch 3 Step 2001 Train Loss: 0.7351
Epoch 3 Step 1001 Train Loss: 0.7415
Epoch 3 Step 3051 Train Loss: 0.7458
Epoch 3 Step 2051 Train Loss: 0.7422
Epoch 3 Step 1051 Train Loss: 0.7276
Epoch 3 Step 3101 Train Loss: 0.7325
Epoch 3 Step 2101 Train Loss: 0.7276
Epoch 3 Step 1101 Train Loss: 0.7445
Epoch 3 Step 3151 Train Loss: 0.7476
Epoch 3 Step 2151 Train Loss: 0.7387
Epoch 3 Step 1151 Train Loss: 0.7425
Epoch 3 Step 3201 Train Loss: 0.7477
Epoch 3 Step 2201 Train Loss: 0.7510
Epoch 3 Step 1201 Train Loss: 0.7326
Epoch 3 Step 3251 Train Loss: 0.7332
Epoch 3 Step 2251 Train Loss: 0.7431
Epoch 3 Step 1251 Train Loss: 0.7355
Epoch 3 Step 3301 Train Loss: 0.7472
Epoch 3 Step 2301 Train Loss: 0.7375
Epoch 3 Step 1301 Train Loss: 0.7441
Epoch 3 Step 2351 Train Loss: 0.7418
Epoch 3 Step 1351 Train Loss: 0.7441
Epoch 3 Step 2401 Train Loss: 0.7373
Epoch 3 Step 1401 Train Loss: 0.7365
Epoch 3 Step 2451 Train Loss: 0.7352
Epoch 3 Step 1451 Train Loss: 0.7302
Epoch 3 Step 2501 Train Loss: 0.7290
Epoch 3 Step 1501 Train Loss: 0.7390
Epoch 3 Step 2551 Train Loss: 0.7384
Epoch 3 Step 1551 Train Loss: 0.7431
Epoch 3 Step 2601 Train Loss: 0.7441
Epoch 3 Step 1601 Train Loss: 0.7439
Epoch 3 Step 2651 Train Loss: 0.7344
Epoch 3 Step 1651 Train Loss: 0.7491
Epoch 3 Step 1701 Train Loss: 0.7368
Epoch 3 Step 2701 Train Loss: 0.7352
Epoch 3 Step 2751 Train Loss: 0.7396
Epoch 3 Step 1751 Train Loss: 0.7517
Epoch 3 Step 2801 Train Loss: 0.7402
Epoch 3 Step 1801 Train Loss: 0.7370
Epoch 3 Step 2851 Train Loss: 0.7355
Epoch 3 Step 1851 Train Loss: 0.7424
Epoch 3 Step 2901 Train Loss: 0.7539
Epoch 3 Step 1901 Train Loss: 0.7396
Epoch 3 Step 2951 Train Loss: 0.7485
Epoch 3 Step 1951 Train Loss: 0.7290
Epoch 3 Step 3001 Train Loss: 0.7378
Epoch 3 Step 2001 Train Loss: 0.7391
Epoch 3 Step 3051 Train Loss: 0.7428
Epoch 3 Step 2051 Train Loss: 0.7435
Epoch 3 Step 3101 Train Loss: 0.7354
Epoch 3 Step 2101 Train Loss: 0.7275
Epoch 3 Step 3151 Train Loss: 0.7407
Epoch 3 Step 2151 Train Loss: 0.7370
Epoch 3 Step 3201 Train Loss: 0.7476
Epoch 3 Step 2201 Train Loss: 0.7485
Epoch 3 Step 3251 Train Loss: 0.7278
Epoch 3 Step 2251 Train Loss: 0.7393
Epoch 3 Step 3301 Train Loss: 0.7438
Epoch 3 Step 2301 Train Loss: 0.7380
Epoch 3 Step 2351 Train Loss: 0.7494
Epoch 3 Step 2401 Train Loss: 0.7391
Epoch 3 Step 2451 Train Loss: 0.7373
Epoch 3 Step 2501 Train Loss: 0.7314
Epoch 3 Step 2551 Train Loss: 0.7441
Epoch 3 Step 2601 Train Loss: 0.7467
Epoch 3 Step 2651 Train Loss: 0.7259
Epoch 3 Step 2701 Train Loss: 0.7355
Epoch 3 Step 2751 Train Loss: 0.7441
Epoch 3 Step 2801 Train Loss: 0.7390
Epoch 3 Step 2851 Train Loss: 0.7395
Epoch 3 Step 2901 Train Loss: 0.7540
Epoch 3 Step 2951 Train Loss: 0.7375
Epoch 3 Step 3001 Train Loss: 0.7346
Epoch 3 Step 3051 Train Loss: 0.7418
Epoch 3 Step 3101 Train Loss: 0.7354
Epoch 3 Step 3151 Train Loss: 0.7423
Epoch 3 Step 3201 Train Loss: 0.7483
Epoch 3 Step 3251 Train Loss: 0.7311
Epoch 3 Step 3301 Train Loss: 0.7401
Epoch 3: Train Overall MSE: 0.0060 Validation Overall MSE: 0.0060. 
Train Top 20 DE MSE: 0.0839 Validation Top 20 DE MSE: 0.0839. 
Epoch 4 Step 1 Train Loss: 0.7348
Epoch 4 Step 51 Train Loss: 0.7399
Epoch 4 Step 101 Train Loss: 0.7382
Epoch 4 Step 151 Train Loss: 0.7336
Epoch 4 Step 201 Train Loss: 0.7463
Epoch 4 Step 251 Train Loss: 0.7440
Epoch 4 Step 301 Train Loss: 0.7286
Epoch 4 Step 351 Train Loss: 0.7407
Epoch 4 Step 401 Train Loss: 0.7431
Epoch 4 Step 451 Train Loss: 0.7406
Epoch 4 Step 501 Train Loss: 0.7335
Epoch 4 Step 551 Train Loss: 0.7381
Epoch 4 Step 601 Train Loss: 0.7468
Epoch 4 Step 651 Train Loss: 0.7386
Epoch 4 Step 701 Train Loss: 0.7358
Epoch 4 Step 751 Train Loss: 0.7433
Epoch 4 Step 801 Train Loss: 0.7333
Epoch 4 Step 851 Train Loss: 0.7441
Epoch 4 Step 901 Train Loss: 0.7306
Epoch 3: Train Overall MSE: 0.0075 Validation Overall MSE: 0.0075. 
Train Top 20 DE MSE: 0.0819 Validation Top 20 DE MSE: 0.0819. 
Epoch 4 Step 1 Train Loss: 0.7310
Epoch 4 Step 951 Train Loss: 0.7510
Epoch 4 Step 51 Train Loss: 0.7364
Epoch 4 Step 1001 Train Loss: 0.7414
Epoch 4 Step 101 Train Loss: 0.7464
Epoch 4 Step 1051 Train Loss: 0.7309
Epoch 4 Step 1101 Train Loss: 0.7362
Epoch 4 Step 151 Train Loss: 0.7374
Epoch 4 Step 201 Train Loss: 0.7489
Epoch 4 Step 1151 Train Loss: 0.7413
Epoch 4 Step 251 Train Loss: 0.7398
Epoch 4 Step 1201 Train Loss: 0.7349
Epoch 4 Step 301 Train Loss: 0.7345
Epoch 4 Step 1251 Train Loss: 0.7349
Epoch 4 Step 1301 Train Loss: 0.7376
Epoch 4 Step 351 Train Loss: 0.7350
Epoch 4 Step 1351 Train Loss: 0.7301
Epoch 4 Step 401 Train Loss: 0.7480
Epoch 4 Step 1401 Train Loss: 0.7323
Epoch 4 Step 451 Train Loss: 0.7327
Epoch 4 Step 1451 Train Loss: 0.7278
Epoch 4 Step 501 Train Loss: 0.7402
Epoch 4 Step 1501 Train Loss: 0.7477
Epoch 4 Step 551 Train Loss: 0.7353
Epoch 4 Step 1551 Train Loss: 0.7388
Epoch 4 Step 601 Train Loss: 0.7485
Epoch 4 Step 1601 Train Loss: 0.7287
Epoch 4 Step 651 Train Loss: 0.7383
Epoch 4 Step 1651 Train Loss: 0.7408
Epoch 4 Step 701 Train Loss: 0.7356
Epoch 4 Step 1701 Train Loss: 0.7301
Epoch 4 Step 751 Train Loss: 0.7429
Epoch 4 Step 1751 Train Loss: 0.7377
Epoch 4 Step 801 Train Loss: 0.7302
Epoch 4 Step 1801 Train Loss: 0.7445
Epoch 4 Step 851 Train Loss: 0.7430
Epoch 4 Step 1851 Train Loss: 0.7395
Epoch 4 Step 901 Train Loss: 0.7322
Epoch 4 Step 1901 Train Loss: 0.7523
Epoch 4 Step 951 Train Loss: 0.7427
Epoch 4 Step 1951 Train Loss: 0.7252
Epoch 4 Step 1001 Train Loss: 0.7328
Epoch 4 Step 2001 Train Loss: 0.7392
Epoch 4 Step 1051 Train Loss: 0.7318
Epoch 3: Train Overall MSE: 0.0058 Validation Overall MSE: 0.0058. 
Train Top 20 DE MSE: 0.0759 Validation Top 20 DE MSE: 0.0759. 
Epoch 4 Step 1 Train Loss: 0.7322
Epoch 4 Step 2051 Train Loss: 0.7379
Epoch 4 Step 1101 Train Loss: 0.7335
Epoch 4 Step 51 Train Loss: 0.7389
Epoch 4 Step 2101 Train Loss: 0.7370
Epoch 4 Step 1151 Train Loss: 0.7373
Epoch 4 Step 101 Train Loss: 0.7456
Epoch 4 Step 2151 Train Loss: 0.7409
Epoch 4 Step 1201 Train Loss: 0.7261
Epoch 4 Step 151 Train Loss: 0.7381
Epoch 4 Step 2201 Train Loss: 0.7436
Epoch 4 Step 1251 Train Loss: 0.7389
Epoch 4 Step 201 Train Loss: 0.7492
Epoch 4 Step 2251 Train Loss: 0.7335
Epoch 4 Step 1301 Train Loss: 0.7285
Epoch 4 Step 251 Train Loss: 0.7407
Epoch 4 Step 2301 Train Loss: 0.7313
Epoch 4 Step 1351 Train Loss: 0.7339
Epoch 4 Step 301 Train Loss: 0.7259
Epoch 4 Step 2351 Train Loss: 0.7358
Epoch 4 Step 1401 Train Loss: 0.7322
Epoch 4 Step 351 Train Loss: 0.7351
Epoch 4 Step 2401 Train Loss: 0.7314
Epoch 4 Step 1451 Train Loss: 0.7279
Epoch 4 Step 401 Train Loss: 0.7424
Epoch 4 Step 2451 Train Loss: 0.7380
Epoch 4 Step 1501 Train Loss: 0.7493
Epoch 4 Step 451 Train Loss: 0.7352
Epoch 4 Step 2501 Train Loss: 0.7306
Epoch 4 Step 1551 Train Loss: 0.7347
Epoch 4 Step 501 Train Loss: 0.7367
Epoch 4 Step 2551 Train Loss: 0.7565
Epoch 4 Step 1601 Train Loss: 0.7289
Epoch 4 Step 551 Train Loss: 0.7390
Epoch 4 Step 2601 Train Loss: 0.7428
Epoch 4 Step 1651 Train Loss: 0.7390
Epoch 4 Step 601 Train Loss: 0.7481
Epoch 4 Step 2651 Train Loss: 0.7367
Epoch 4 Step 1701 Train Loss: 0.7195
Epoch 4 Step 651 Train Loss: 0.7382
Epoch 4 Step 2701 Train Loss: 0.7416
Epoch 4 Step 1751 Train Loss: 0.7407
Epoch 4 Step 701 Train Loss: 0.7369
Epoch 4 Step 2751 Train Loss: 0.7310
Epoch 4 Step 1801 Train Loss: 0.7446
Epoch 4 Step 751 Train Loss: 0.7438
Epoch 4 Step 2801 Train Loss: 0.7238
Epoch 4 Step 1851 Train Loss: 0.7412
Epoch 4 Step 801 Train Loss: 0.7221
Epoch 4 Step 2851 Train Loss: 0.7395
Epoch 4 Step 1901 Train Loss: 0.7441
Epoch 4 Step 851 Train Loss: 0.7382
Epoch 4 Step 2901 Train Loss: 0.7499
Epoch 4 Step 1951 Train Loss: 0.7320
Epoch 4 Step 901 Train Loss: 0.7310
Epoch 4 Step 2951 Train Loss: 0.7517
Epoch 4 Step 2001 Train Loss: 0.7369
Epoch 4 Step 951 Train Loss: 0.7490
Epoch 4 Step 3001 Train Loss: 0.7362
Epoch 4 Step 2051 Train Loss: 0.7330
Epoch 4 Step 1001 Train Loss: 0.7326
Epoch 4 Step 3051 Train Loss: 0.7450
Epoch 4 Step 1051 Train Loss: 0.7308
Epoch 4 Step 2101 Train Loss: 0.7335
Epoch 4 Step 3101 Train Loss: 0.7477
Epoch 4 Step 1101 Train Loss: 0.7313
Epoch 4 Step 2151 Train Loss: 0.7437
Epoch 4 Step 3151 Train Loss: 0.7380
Epoch 4 Step 1151 Train Loss: 0.7382
Epoch 4 Step 2201 Train Loss: 0.7366
Epoch 4 Step 3201 Train Loss: 0.7306
Epoch 4 Step 1201 Train Loss: 0.7265
Epoch 4 Step 2251 Train Loss: 0.7302
Epoch 4 Step 3251 Train Loss: 0.7504
Epoch 4 Step 1251 Train Loss: 0.7423
Epoch 4 Step 2301 Train Loss: 0.7334
Epoch 4 Step 3301 Train Loss: 0.7412
Epoch 4 Step 1301 Train Loss: 0.7230
Epoch 4 Step 2351 Train Loss: 0.7324
Epoch 4 Step 1351 Train Loss: 0.7336
Epoch 4 Step 2401 Train Loss: 0.7297
Epoch 4 Step 1401 Train Loss: 0.7407
Epoch 4 Step 2451 Train Loss: 0.7306
Epoch 4 Step 1451 Train Loss: 0.7289
Epoch 4 Step 2501 Train Loss: 0.7310
Epoch 4 Step 1501 Train Loss: 0.7505
Epoch 4 Step 2551 Train Loss: 0.7435
Epoch 4 Step 1551 Train Loss: 0.7445
Epoch 4 Step 2601 Train Loss: 0.7423
Epoch 4 Step 1601 Train Loss: 0.7322
Epoch 4 Step 2651 Train Loss: 0.7437
Epoch 4 Step 1651 Train Loss: 0.7318
Epoch 4 Step 2701 Train Loss: 0.7351
Epoch 4 Step 1701 Train Loss: 0.7248
Epoch 4 Step 2751 Train Loss: 0.7421
Epoch 4 Step 1751 Train Loss: 0.7454
Epoch 4 Step 2801 Train Loss: 0.7301
Epoch 4 Step 1801 Train Loss: 0.7450
Epoch 4 Step 2851 Train Loss: 0.7436
Epoch 4 Step 1851 Train Loss: 0.7387
Epoch 4 Step 2901 Train Loss: 0.7456
Epoch 4 Step 1901 Train Loss: 0.7320
Epoch 4 Step 2951 Train Loss: 0.7463
Epoch 4 Step 1951 Train Loss: 0.7307
Epoch 4 Step 3001 Train Loss: 0.7388
Epoch 4 Step 2001 Train Loss: 0.7321
Epoch 4 Step 3051 Train Loss: 0.7367
Epoch 4 Step 2051 Train Loss: 0.7318
Epoch 4 Step 3101 Train Loss: 0.7418
Epoch 4 Step 2101 Train Loss: 0.7247
Epoch 4 Step 3151 Train Loss: 0.7444
Epoch 4 Step 2151 Train Loss: 0.7405
Epoch 4 Step 3201 Train Loss: 0.7393
Epoch 4 Step 2201 Train Loss: 0.7322
Epoch 4 Step 3251 Train Loss: 0.7472
Epoch 4 Step 2251 Train Loss: 0.7354
Epoch 4 Step 3301 Train Loss: 0.7459
Epoch 4 Step 2301 Train Loss: 0.7376
Epoch 4 Step 2351 Train Loss: 0.7284
Epoch 4 Step 2401 Train Loss: 0.7344
Epoch 4 Step 2451 Train Loss: 0.7356
Epoch 4 Step 2501 Train Loss: 0.7312
Epoch 4 Step 2551 Train Loss: 0.7310
Epoch 4 Step 2601 Train Loss: 0.7366
Epoch 4 Step 2651 Train Loss: 0.7423
Epoch 4 Step 2701 Train Loss: 0.7315
Epoch 4 Step 2751 Train Loss: 0.7343
Epoch 4 Step 2801 Train Loss: 0.7331
Epoch 4 Step 2851 Train Loss: 0.7398
Epoch 4 Step 2901 Train Loss: 0.7426
Epoch 4 Step 2951 Train Loss: 0.7443
Epoch 4 Step 3001 Train Loss: 0.7430
Epoch 4 Step 3051 Train Loss: 0.7394
Epoch 4 Step 3101 Train Loss: 0.7462
Epoch 4 Step 3151 Train Loss: 0.7368
Epoch 4 Step 3201 Train Loss: 0.7363
Epoch 4 Step 3251 Train Loss: 0.7401
Epoch 4 Step 3301 Train Loss: 0.7450
Epoch 4: Train Overall MSE: 0.0080 Validation Overall MSE: 0.0080. 
Train Top 20 DE MSE: 0.0828 Validation Top 20 DE MSE: 0.0827. 
Epoch 5 Step 1 Train Loss: 0.7352
Epoch 5 Step 51 Train Loss: 0.7417
Epoch 5 Step 101 Train Loss: 0.7405
Epoch 5 Step 151 Train Loss: 0.7437
Epoch 5 Step 201 Train Loss: 0.7409
Epoch 5 Step 251 Train Loss: 0.7434
Epoch 5 Step 301 Train Loss: 0.7256
Epoch 5 Step 351 Train Loss: 0.7474
Epoch 5 Step 401 Train Loss: 0.7426
Epoch 5 Step 451 Train Loss: 0.7376
Epoch 5 Step 501 Train Loss: 0.7355
Epoch 5 Step 551 Train Loss: 0.7349
Epoch 5 Step 601 Train Loss: 0.7322
Epoch 5 Step 651 Train Loss: 0.7373
Epoch 5 Step 701 Train Loss: 0.7400
Epoch 5 Step 751 Train Loss: 0.7387
Epoch 5 Step 801 Train Loss: 0.7414
Epoch 5 Step 851 Train Loss: 0.7339
Epoch 5 Step 901 Train Loss: 0.7419
Epoch 5 Step 951 Train Loss: 0.7362
Epoch 5 Step 1001 Train Loss: 0.7298
Epoch 4: Train Overall MSE: 0.1969 Validation Overall MSE: 0.1969. 
Train Top 20 DE MSE: 0.7599 Validation Top 20 DE MSE: 0.7598. 
Epoch 5 Step 1 Train Loss: 0.7370
Epoch 5 Step 1051 Train Loss: 0.7287
Epoch 5 Step 51 Train Loss: 0.7294
Epoch 5 Step 1101 Train Loss: 0.7445
Epoch 5 Step 101 Train Loss: 0.7366
Epoch 5 Step 1151 Train Loss: 0.7359
Epoch 5 Step 151 Train Loss: 0.7411
Epoch 5 Step 1201 Train Loss: 0.7320
Epoch 5 Step 201 Train Loss: 0.7476
Epoch 5 Step 1251 Train Loss: 0.7326
Epoch 5 Step 251 Train Loss: 0.7433
Epoch 5 Step 1301 Train Loss: 0.7434
Epoch 5 Step 301 Train Loss: 0.7293
Epoch 5 Step 1351 Train Loss: 0.7282
Epoch 5 Step 351 Train Loss: 0.7455
Epoch 5 Step 1401 Train Loss: 0.7449
Epoch 5 Step 401 Train Loss: 0.7438
Epoch 5 Step 1451 Train Loss: 0.7471
Epoch 5 Step 451 Train Loss: 0.7389
Epoch 5 Step 1501 Train Loss: 0.7375
Epoch 5 Step 501 Train Loss: 0.7409
Epoch 5 Step 1551 Train Loss: 0.7401
Epoch 5 Step 551 Train Loss: 0.7390
Epoch 5 Step 1601 Train Loss: 0.7453
Epoch 5 Step 601 Train Loss: 0.7281
Epoch 5 Step 1651 Train Loss: 0.7274
Epoch 5 Step 651 Train Loss: 0.7436
Epoch 5 Step 1701 Train Loss: 0.7441
Epoch 5 Step 701 Train Loss: 0.7417
Epoch 5 Step 1751 Train Loss: 0.7484
Epoch 5 Step 751 Train Loss: 0.7376
Epoch 5 Step 1801 Train Loss: 0.7417
Epoch 5 Step 801 Train Loss: 0.7340
Epoch 5 Step 1851 Train Loss: 0.7374
Epoch 5 Step 851 Train Loss: 0.7286
Epoch 5 Step 1901 Train Loss: 0.7361
Epoch 5 Step 901 Train Loss: 0.7326
Epoch 5 Step 1951 Train Loss: 0.7398
Epoch 5 Step 951 Train Loss: 0.7365
Epoch 5 Step 2001 Train Loss: 0.7299
Epoch 5 Step 1001 Train Loss: 0.7333
Epoch 5 Step 2051 Train Loss: 0.7395
Epoch 5 Step 1051 Train Loss: 0.7386
Epoch 5 Step 2101 Train Loss: 0.7430
Epoch 4: Train Overall MSE: 0.0057 Validation Overall MSE: 0.0057. 
Train Top 20 DE MSE: 0.0752 Validation Top 20 DE MSE: 0.0752. 
Epoch 5 Step 1 Train Loss: 0.7420
Epoch 5 Step 1101 Train Loss: 0.7510
Epoch 5 Step 2151 Train Loss: 0.7292
Epoch 5 Step 51 Train Loss: 0.7302
Epoch 5 Step 1151 Train Loss: 0.7389
Epoch 5 Step 2201 Train Loss: 0.7421
Epoch 5 Step 101 Train Loss: 0.7361
Epoch 5 Step 1201 Train Loss: 0.7355
Epoch 5 Step 2251 Train Loss: 0.7238
Epoch 5 Step 151 Train Loss: 0.7430
Epoch 5 Step 1251 Train Loss: 0.7293
Epoch 5 Step 2301 Train Loss: 0.7448
Epoch 5 Step 201 Train Loss: 0.7465
Epoch 5 Step 1301 Train Loss: 0.7440
Epoch 5 Step 2351 Train Loss: 0.7462
Epoch 5 Step 251 Train Loss: 0.7463
Epoch 5 Step 1351 Train Loss: 0.7298
Epoch 5 Step 2401 Train Loss: 0.7350
Epoch 5 Step 301 Train Loss: 0.7250
Epoch 5 Step 1401 Train Loss: 0.7433
Epoch 5 Step 2451 Train Loss: 0.7423
Epoch 5 Step 351 Train Loss: 0.7436
Epoch 5 Step 1451 Train Loss: 0.7480
Epoch 5 Step 2501 Train Loss: 0.7310
Epoch 5 Step 401 Train Loss: 0.7464
Epoch 5 Step 1501 Train Loss: 0.7381
Epoch 5 Step 2551 Train Loss: 0.7350
Epoch 5 Step 451 Train Loss: 0.7471
Epoch 5 Step 1551 Train Loss: 0.7415
Epoch 5 Step 2601 Train Loss: 0.7289
Epoch 5 Step 501 Train Loss: 0.7367
Epoch 5 Step 1601 Train Loss: 0.7344
Epoch 5 Step 2651 Train Loss: 0.7367
Epoch 5 Step 551 Train Loss: 0.7449
Epoch 5 Step 1651 Train Loss: 0.7277
Epoch 5 Step 2701 Train Loss: 0.7434
Epoch 5 Step 601 Train Loss: 0.7332
Epoch 5 Step 1701 Train Loss: 0.7420
Epoch 5 Step 2751 Train Loss: 0.7486
Epoch 5 Step 651 Train Loss: 0.7394
Epoch 5 Step 1751 Train Loss: 0.7476
Epoch 5 Step 2801 Train Loss: 0.7421
Epoch 5 Step 701 Train Loss: 0.7360
Epoch 5 Step 1801 Train Loss: 0.7360
Epoch 5 Step 2851 Train Loss: 0.7340
Epoch 5 Step 751 Train Loss: 0.7433
Epoch 5 Step 1851 Train Loss: 0.7358
Epoch 5 Step 2901 Train Loss: 0.7458
Epoch 5 Step 801 Train Loss: 0.7345
Epoch 5 Step 1901 Train Loss: 0.7473
Epoch 5 Step 2951 Train Loss: 0.7296
Epoch 5 Step 851 Train Loss: 0.7312
Epoch 5 Step 1951 Train Loss: 0.7421
Epoch 5 Step 3001 Train Loss: 0.7434
Epoch 5 Step 901 Train Loss: 0.7325
Epoch 5 Step 2001 Train Loss: 0.7285
Epoch 5 Step 3051 Train Loss: 0.7457
Epoch 5 Step 951 Train Loss: 0.7408
Epoch 5 Step 2051 Train Loss: 0.7399
Epoch 5 Step 3101 Train Loss: 0.7349
Epoch 5 Step 1001 Train Loss: 0.7268
Epoch 5 Step 2101 Train Loss: 0.7495
Epoch 5 Step 3151 Train Loss: 0.7308
Epoch 5 Step 1051 Train Loss: 0.7418
Epoch 5 Step 2151 Train Loss: 0.7327
Epoch 5 Step 3201 Train Loss: 0.7367
Epoch 5 Step 1101 Train Loss: 0.7509
Epoch 5 Step 2201 Train Loss: 0.7365
Epoch 5 Step 3251 Train Loss: 0.7392
Epoch 5 Step 1151 Train Loss: 0.7391
Epoch 5 Step 2251 Train Loss: 0.7314
Epoch 5 Step 3301 Train Loss: 0.7326
Epoch 5 Step 1201 Train Loss: 0.7412
Epoch 5 Step 2301 Train Loss: 0.7398
Epoch 5 Step 1251 Train Loss: 0.7254
Epoch 5 Step 2351 Train Loss: 0.7468
Epoch 5 Step 1301 Train Loss: 0.7421
Epoch 5 Step 2401 Train Loss: 0.7371
Epoch 5 Step 1351 Train Loss: 0.7342
Epoch 5 Step 2451 Train Loss: 0.7404
Epoch 5 Step 1401 Train Loss: 0.7424
Epoch 5 Step 2501 Train Loss: 0.7342
Epoch 5 Step 1451 Train Loss: 0.7409
Epoch 5 Step 2551 Train Loss: 0.7357
Epoch 5 Step 1501 Train Loss: 0.7287
Epoch 5 Step 2601 Train Loss: 0.7364
Epoch 5 Step 1551 Train Loss: 0.7394
Epoch 5 Step 2651 Train Loss: 0.7359
Epoch 5 Step 1601 Train Loss: 0.7309
Epoch 5 Step 2701 Train Loss: 0.7346
Epoch 5 Step 1651 Train Loss: 0.7262
Epoch 5 Step 2751 Train Loss: 0.7493
Epoch 5 Step 1701 Train Loss: 0.7289
Epoch 5 Step 2801 Train Loss: 0.7410
Epoch 5 Step 1751 Train Loss: 0.7474
Epoch 5 Step 2851 Train Loss: 0.7373
Epoch 5 Step 1801 Train Loss: 0.7428
Epoch 5 Step 2901 Train Loss: 0.7434
Epoch 5 Step 1851 Train Loss: 0.7387
Epoch 5 Step 2951 Train Loss: 0.7244
Epoch 5 Step 1901 Train Loss: 0.7410
Epoch 5 Step 3001 Train Loss: 0.7444
Epoch 5 Step 1951 Train Loss: 0.7402
Epoch 5 Step 3051 Train Loss: 0.7424
Epoch 5 Step 2001 Train Loss: 0.7391
Epoch 5 Step 3101 Train Loss: 0.7304
Epoch 5 Step 2051 Train Loss: 0.7326
Epoch 5 Step 3151 Train Loss: 0.7347
Epoch 5 Step 2101 Train Loss: 0.7466
Epoch 5 Step 3201 Train Loss: 0.7415
Epoch 5 Step 2151 Train Loss: 0.7441
Epoch 5 Step 3251 Train Loss: 0.7370
Epoch 5 Step 2201 Train Loss: 0.7301
Epoch 5 Step 3301 Train Loss: 0.7263
Epoch 5 Step 2251 Train Loss: 0.7336
Epoch 5 Step 2301 Train Loss: 0.7389
Epoch 5 Step 2351 Train Loss: 0.7453
Epoch 5 Step 2401 Train Loss: 0.7350
Epoch 5 Step 2451 Train Loss: 0.7368
Epoch 5 Step 2501 Train Loss: 0.7301
Epoch 5 Step 2551 Train Loss: 0.7414
Epoch 5 Step 2601 Train Loss: 0.7371
Epoch 5 Step 2651 Train Loss: 0.7361
Epoch 5 Step 2701 Train Loss: 0.7351
Epoch 5 Step 2751 Train Loss: 0.7454
Epoch 5 Step 2801 Train Loss: 0.7377
Epoch 5 Step 2851 Train Loss: 0.7419
Epoch 5 Step 2901 Train Loss: 0.7474
Epoch 5 Step 2951 Train Loss: 0.7271
Epoch 5 Step 3001 Train Loss: 0.7399
Epoch 5 Step 3051 Train Loss: 0.7426
Epoch 5 Step 3101 Train Loss: 0.7319
Epoch 5 Step 3151 Train Loss: 0.7403
Epoch 5 Step 3201 Train Loss: 0.7457
Epoch 5 Step 3251 Train Loss: 0.7399
Epoch 5 Step 3301 Train Loss: 0.7288
Epoch 5: Train Overall MSE: 0.0070 Validation Overall MSE: 0.0070. 
Train Top 20 DE MSE: 0.0753 Validation Top 20 DE MSE: 0.0753. 
Epoch 6 Step 1 Train Loss: 0.7375
Epoch 6 Step 51 Train Loss: 0.7491
Epoch 6 Step 101 Train Loss: 0.7340
Epoch 6 Step 151 Train Loss: 0.7373
Epoch 6 Step 201 Train Loss: 0.7285
Epoch 6 Step 251 Train Loss: 0.7395
Epoch 6 Step 301 Train Loss: 0.7410
Epoch 6 Step 351 Train Loss: 0.7379
Epoch 6 Step 401 Train Loss: 0.7372
Epoch 6 Step 451 Train Loss: 0.7336
Epoch 6 Step 501 Train Loss: 0.7365
Epoch 6 Step 551 Train Loss: 0.7517
Epoch 6 Step 601 Train Loss: 0.7460
Epoch 6 Step 651 Train Loss: 0.7392
Epoch 6 Step 701 Train Loss: 0.7446
Epoch 6 Step 751 Train Loss: 0.7383
Epoch 6 Step 801 Train Loss: 0.7321
Epoch 6 Step 851 Train Loss: 0.7441
Epoch 6 Step 901 Train Loss: 0.7323
Epoch 6 Step 951 Train Loss: 0.7486
Epoch 6 Step 1001 Train Loss: 0.7437
Epoch 6 Step 1051 Train Loss: 0.7497
Epoch 5: Train Overall MSE: 0.0070 Validation Overall MSE: 0.0070. 
Train Top 20 DE MSE: 0.0784 Validation Top 20 DE MSE: 0.0784. 
Epoch 6 Step 1 Train Loss: 0.7357
Epoch 6 Step 1101 Train Loss: 0.7343
Epoch 6 Step 51 Train Loss: 0.7529
Epoch 6 Step 1151 Train Loss: 0.7406
Epoch 6 Step 101 Train Loss: 0.7356
Epoch 6 Step 1201 Train Loss: 0.7361
Epoch 6 Step 151 Train Loss: 0.7333
Epoch 6 Step 1251 Train Loss: 0.7382
Epoch 6 Step 201 Train Loss: 0.7326
Epoch 6 Step 1301 Train Loss: 0.7380
Epoch 6 Step 251 Train Loss: 0.7393
Epoch 6 Step 1351 Train Loss: 0.7331
Epoch 6 Step 301 Train Loss: 0.7387
Epoch 6 Step 1401 Train Loss: 0.7342
Epoch 6 Step 351 Train Loss: 0.7416
Epoch 6 Step 401 Train Loss: 0.7464
Epoch 6 Step 1451 Train Loss: 0.7398
Epoch 6 Step 451 Train Loss: 0.7422
Epoch 6 Step 1501 Train Loss: 0.7498
Epoch 6 Step 501 Train Loss: 0.7343
Epoch 6 Step 1551 Train Loss: 0.7407
Epoch 6 Step 551 Train Loss: 0.7503
Epoch 6 Step 1601 Train Loss: 0.7344
Epoch 6 Step 601 Train Loss: 0.7423
Epoch 6 Step 1651 Train Loss: 0.7369
Epoch 6 Step 651 Train Loss: 0.7407
Epoch 6 Step 1701 Train Loss: 0.7281
Epoch 6 Step 701 Train Loss: 0.7379
Epoch 6 Step 1751 Train Loss: 0.7335
Epoch 6 Step 751 Train Loss: 0.7396
Epoch 6 Step 1801 Train Loss: 0.7408
Epoch 6 Step 801 Train Loss: 0.7393
Epoch 6 Step 1851 Train Loss: 0.7449
Epoch 6 Step 851 Train Loss: 0.7424
Epoch 6 Step 1901 Train Loss: 0.7445
Epoch 6 Step 901 Train Loss: 0.7349
Epoch 6 Step 1951 Train Loss: 0.7370
Epoch 6 Step 951 Train Loss: 0.7458
Epoch 6 Step 2001 Train Loss: 0.7303
Epoch 6 Step 1001 Train Loss: 0.7470
Epoch 6 Step 2051 Train Loss: 0.7356
Epoch 5: Train Overall MSE: 0.0061 Validation Overall MSE: 0.0061. 
Train Top 20 DE MSE: 0.0731 Validation Top 20 DE MSE: 0.0731. 
Epoch 6 Step 1 Train Loss: 0.7374
Epoch 6 Step 1051 Train Loss: 0.7510
Epoch 6 Step 2101 Train Loss: 0.7411
Epoch 6 Step 51 Train Loss: 0.7400
Epoch 6 Step 1101 Train Loss: 0.7369
Epoch 6 Step 2151 Train Loss: 0.7442
Epoch 6 Step 101 Train Loss: 0.7364
Epoch 6 Step 1151 Train Loss: 0.7363
Epoch 6 Step 2201 Train Loss: 0.7492
Epoch 6 Step 151 Train Loss: 0.7377
Epoch 6 Step 1201 Train Loss: 0.7291
Epoch 6 Step 2251 Train Loss: 0.7397
Epoch 6 Step 201 Train Loss: 0.7375
Epoch 6 Step 1251 Train Loss: 0.7265
Epoch 6 Step 2301 Train Loss: 0.7437
Epoch 6 Step 251 Train Loss: 0.7397
Epoch 6 Step 1301 Train Loss: 0.7395
Epoch 6 Step 2351 Train Loss: 0.7327
Epoch 6 Step 301 Train Loss: 0.7522
Epoch 6 Step 1351 Train Loss: 0.7336
Epoch 6 Step 351 Train Loss: 0.7387
Epoch 6 Step 2401 Train Loss: 0.7363
Epoch 6 Step 1401 Train Loss: 0.7362
Epoch 6 Step 2451 Train Loss: 0.7285
Epoch 6 Step 401 Train Loss: 0.7454
Epoch 6 Step 1451 Train Loss: 0.7441
Epoch 6 Step 2501 Train Loss: 0.7373
Epoch 6 Step 451 Train Loss: 0.7363
Epoch 6 Step 1501 Train Loss: 0.7458
Epoch 6 Step 2551 Train Loss: 0.7308
Epoch 6 Step 501 Train Loss: 0.7329
Epoch 6 Step 1551 Train Loss: 0.7422
Epoch 6 Step 2601 Train Loss: 0.7418
Epoch 6 Step 551 Train Loss: 0.7499
Epoch 6 Step 1601 Train Loss: 0.7373
Epoch 6 Step 2651 Train Loss: 0.7401
Epoch 6 Step 601 Train Loss: 0.7389
Epoch 6 Step 1651 Train Loss: 0.7374
Epoch 6 Step 651 Train Loss: 0.7344
Epoch 6 Step 2701 Train Loss: 0.7459
Epoch 6 Step 1701 Train Loss: 0.7238
Epoch 6 Step 701 Train Loss: 0.7398
Epoch 6 Step 2751 Train Loss: 0.7409
Epoch 6 Step 1751 Train Loss: 0.7430
Epoch 6 Step 751 Train Loss: 0.7441
Epoch 6 Step 2801 Train Loss: 0.7422
Epoch 6 Step 1801 Train Loss: 0.7461
Epoch 6 Step 801 Train Loss: 0.7326
Epoch 6 Step 2851 Train Loss: 0.7378
Epoch 6 Step 1851 Train Loss: 0.7473
Epoch 6 Step 851 Train Loss: 0.7336
Epoch 6 Step 2901 Train Loss: 0.7359
Epoch 6 Step 1901 Train Loss: 0.7404
Epoch 6 Step 901 Train Loss: 0.7335
Epoch 6 Step 2951 Train Loss: 0.7305
Epoch 6 Step 1951 Train Loss: 0.7343
Epoch 6 Step 951 Train Loss: 0.7392
Epoch 6 Step 3001 Train Loss: 0.7413
Epoch 6 Step 2001 Train Loss: 0.7296
Epoch 6 Step 1001 Train Loss: 0.7469
Epoch 6 Step 3051 Train Loss: 0.7290
Epoch 6 Step 2051 Train Loss: 0.7381
Epoch 6 Step 1051 Train Loss: 0.7478
Epoch 6 Step 3101 Train Loss: 0.7324
Epoch 6 Step 2101 Train Loss: 0.7360
Epoch 6 Step 1101 Train Loss: 0.7400
Epoch 6 Step 3151 Train Loss: 0.7376
Epoch 6 Step 2151 Train Loss: 0.7477
Epoch 6 Step 1151 Train Loss: 0.7362
Epoch 6 Step 3201 Train Loss: 0.7294
Epoch 6 Step 2201 Train Loss: 0.7487
Epoch 6 Step 1201 Train Loss: 0.7357
Epoch 6 Step 3251 Train Loss: 0.7281
Epoch 6 Step 2251 Train Loss: 0.7328
Epoch 6 Step 1251 Train Loss: 0.7272
Epoch 6 Step 3301 Train Loss: 0.7387
Epoch 6 Step 2301 Train Loss: 0.7414
Epoch 6 Step 1301 Train Loss: 0.7371
Epoch 6 Step 2351 Train Loss: 0.7407
Epoch 6 Step 1351 Train Loss: 0.7327
Epoch 6 Step 2401 Train Loss: 0.7382
Epoch 6 Step 1401 Train Loss: 0.7348
Epoch 6 Step 2451 Train Loss: 0.7240
Epoch 6 Step 1451 Train Loss: 0.7434
Epoch 6 Step 2501 Train Loss: 0.7394
Epoch 6 Step 1501 Train Loss: 0.7416
Epoch 6 Step 2551 Train Loss: 0.7337
Epoch 6 Step 1551 Train Loss: 0.7395
Epoch 6 Step 2601 Train Loss: 0.7300
Epoch 6 Step 1601 Train Loss: 0.7342
Epoch 6 Step 2651 Train Loss: 0.7395
Epoch 6 Step 1651 Train Loss: 0.7404
Epoch 6 Step 2701 Train Loss: 0.7383
Epoch 6 Step 1701 Train Loss: 0.7332
Epoch 6 Step 2751 Train Loss: 0.7397
Epoch 6 Step 1751 Train Loss: 0.7487
Epoch 6 Step 2801 Train Loss: 0.7351
Epoch 6 Step 1801 Train Loss: 0.7457
Epoch 6 Step 2851 Train Loss: 0.7419
Epoch 6 Step 1851 Train Loss: 0.7472
Epoch 6 Step 2901 Train Loss: 0.7379
Epoch 6 Step 1901 Train Loss: 0.7395
Epoch 6 Step 2951 Train Loss: 0.7279
Epoch 6 Step 1951 Train Loss: 0.7322
Epoch 6 Step 2001 Train Loss: 0.7336
Epoch 6 Step 3001 Train Loss: 0.7432
Epoch 6 Step 2051 Train Loss: 0.7369
Epoch 6 Step 3051 Train Loss: 0.7248
Epoch 6 Step 3101 Train Loss: 0.7307
Epoch 6 Step 2101 Train Loss: 0.7292
Epoch 6 Step 3151 Train Loss: 0.7430
Epoch 6 Step 2151 Train Loss: 0.7380
Epoch 6 Step 2201 Train Loss: 0.7426
Epoch 6 Step 3201 Train Loss: 0.7330
Epoch 6 Step 2251 Train Loss: 0.7395
Epoch 6 Step 3251 Train Loss: 0.7253
Epoch 6 Step 2301 Train Loss: 0.7380
Epoch 6 Step 3301 Train Loss: 0.7337
Epoch 6 Step 2351 Train Loss: 0.7476
Epoch 6 Step 2401 Train Loss: 0.7323
Epoch 6 Step 2451 Train Loss: 0.7240
Epoch 6 Step 2501 Train Loss: 0.7386
Epoch 6 Step 2551 Train Loss: 0.7399
Epoch 6 Step 2601 Train Loss: 0.7269
Epoch 6 Step 2651 Train Loss: 0.7440
Epoch 6 Step 2701 Train Loss: 0.7335
Epoch 6 Step 2751 Train Loss: 0.7368
Epoch 6 Step 2801 Train Loss: 0.7352
Epoch 6 Step 2851 Train Loss: 0.7424
Epoch 6 Step 2901 Train Loss: 0.7414
Epoch 6 Step 2951 Train Loss: 0.7312
Epoch 6 Step 3001 Train Loss: 0.7465
Epoch 6 Step 3051 Train Loss: 0.7274
Epoch 6 Step 3101 Train Loss: 0.7345
Epoch 6 Step 3151 Train Loss: 0.7433
Epoch 6 Step 3201 Train Loss: 0.7325
Epoch 6 Step 3251 Train Loss: 0.7328
Epoch 6 Step 3301 Train Loss: 0.7344
Epoch 6: Train Overall MSE: 0.0060 Validation Overall MSE: 0.0060. 
Train Top 20 DE MSE: 0.0794 Validation Top 20 DE MSE: 0.0794. 
Epoch 7 Step 1 Train Loss: 0.7475
Epoch 7 Step 51 Train Loss: 0.7412
Epoch 7 Step 101 Train Loss: 0.7386
Epoch 7 Step 151 Train Loss: 0.7463
Epoch 7 Step 201 Train Loss: 0.7286
Epoch 7 Step 251 Train Loss: 0.7357
Epoch 7 Step 301 Train Loss: 0.7277
Epoch 7 Step 351 Train Loss: 0.7387
Epoch 7 Step 401 Train Loss: 0.7469
Epoch 7 Step 451 Train Loss: 0.7302
Epoch 7 Step 501 Train Loss: 0.7266
Epoch 7 Step 551 Train Loss: 0.7361
Epoch 7 Step 601 Train Loss: 0.7188
Epoch 7 Step 651 Train Loss: 0.7459
Epoch 7 Step 701 Train Loss: 0.7421
Epoch 7 Step 751 Train Loss: 0.7437
Epoch 7 Step 801 Train Loss: 0.7348
Epoch 7 Step 851 Train Loss: 0.7413
Epoch 7 Step 901 Train Loss: 0.7365
Epoch 7 Step 951 Train Loss: 0.7347
Epoch 6: Train Overall MSE: 0.0124 Validation Overall MSE: 0.0124. 
Train Top 20 DE MSE: 0.1020 Validation Top 20 DE MSE: 0.1020. 
Epoch 7 Step 1 Train Loss: 0.7395
Epoch 7 Step 1001 Train Loss: 0.7365
Epoch 7 Step 51 Train Loss: 0.7433
Epoch 7 Step 1051 Train Loss: 0.7440
Epoch 7 Step 101 Train Loss: 0.7376
Epoch 7 Step 1101 Train Loss: 0.7245
Epoch 7 Step 151 Train Loss: 0.7436
Epoch 7 Step 1151 Train Loss: 0.7418
Epoch 7 Step 201 Train Loss: 0.7347
Epoch 7 Step 1201 Train Loss: 0.7350
Epoch 7 Step 251 Train Loss: 0.7345
Epoch 7 Step 1251 Train Loss: 0.7443
Epoch 7 Step 301 Train Loss: 0.7266
Epoch 7 Step 1301 Train Loss: 0.7359
Epoch 7 Step 351 Train Loss: 0.7382
Epoch 7 Step 1351 Train Loss: 0.7425
Epoch 7 Step 401 Train Loss: 0.7423
Epoch 7 Step 1401 Train Loss: 0.7230
Epoch 7 Step 451 Train Loss: 0.7319
Epoch 7 Step 1451 Train Loss: 0.7336
Epoch 7 Step 501 Train Loss: 0.7308
Epoch 7 Step 1501 Train Loss: 0.7341
Epoch 7 Step 551 Train Loss: 0.7413
Epoch 7 Step 1551 Train Loss: 0.7246
Epoch 7 Step 601 Train Loss: 0.7250
Epoch 7 Step 1601 Train Loss: 0.7388
Epoch 7 Step 651 Train Loss: 0.7498
Epoch 7 Step 1651 Train Loss: 0.7386
Epoch 7 Step 701 Train Loss: 0.7374
Epoch 7 Step 1701 Train Loss: 0.7373
Epoch 7 Step 751 Train Loss: 0.7502
Epoch 7 Step 1751 Train Loss: 0.7308
Epoch 7 Step 801 Train Loss: 0.7342
Epoch 7 Step 1801 Train Loss: 0.7348
Epoch 7 Step 851 Train Loss: 0.7402
Epoch 7 Step 1851 Train Loss: 0.7373
Epoch 7 Step 901 Train Loss: 0.7445
Epoch 7 Step 1901 Train Loss: 0.7361
Epoch 7 Step 951 Train Loss: 0.7287
Epoch 7 Step 1951 Train Loss: 0.7436
Epoch 7 Step 1001 Train Loss: 0.7349
Epoch 6: Train Overall MSE: 0.0057 Validation Overall MSE: 0.0057. 
Train Top 20 DE MSE: 0.0781 Validation Top 20 DE MSE: 0.0781. 
Epoch 7 Step 1 Train Loss: 0.7346
Epoch 7 Step 2001 Train Loss: 0.7316
Epoch 7 Step 1051 Train Loss: 0.7472
Epoch 7 Step 51 Train Loss: 0.7380
Epoch 7 Step 2051 Train Loss: 0.7373
Epoch 7 Step 1101 Train Loss: 0.7363
Epoch 7 Step 101 Train Loss: 0.7324
Epoch 7 Step 2101 Train Loss: 0.7360
Epoch 7 Step 1151 Train Loss: 0.7411
Epoch 7 Step 151 Train Loss: 0.7484
Epoch 7 Step 2151 Train Loss: 0.7453
Epoch 7 Step 1201 Train Loss: 0.7356
Epoch 7 Step 201 Train Loss: 0.7392
Epoch 7 Step 1251 Train Loss: 0.7375
Epoch 7 Step 2201 Train Loss: 0.7381
Epoch 7 Step 251 Train Loss: 0.7320
Epoch 7 Step 1301 Train Loss: 0.7388
Epoch 7 Step 2251 Train Loss: 0.7331
Epoch 7 Step 301 Train Loss: 0.7287
Epoch 7 Step 1351 Train Loss: 0.7326
Epoch 7 Step 2301 Train Loss: 0.7400
Epoch 7 Step 351 Train Loss: 0.7287
Epoch 7 Step 1401 Train Loss: 0.7274
Epoch 7 Step 2351 Train Loss: 0.7505
Epoch 7 Step 401 Train Loss: 0.7383
Epoch 7 Step 1451 Train Loss: 0.7395
Epoch 7 Step 2401 Train Loss: 0.7339
Epoch 7 Step 451 Train Loss: 0.7382
Epoch 7 Step 1501 Train Loss: 0.7244
Epoch 7 Step 2451 Train Loss: 0.7416
Epoch 7 Step 501 Train Loss: 0.7373
Epoch 7 Step 1551 Train Loss: 0.7169
Epoch 7 Step 2501 Train Loss: 0.7361
Epoch 7 Step 551 Train Loss: 0.7349
Epoch 7 Step 1601 Train Loss: 0.7407
Epoch 7 Step 2551 Train Loss: 0.7431
Epoch 7 Step 601 Train Loss: 0.7189
Epoch 7 Step 1651 Train Loss: 0.7372
Epoch 7 Step 2601 Train Loss: 0.7465
Epoch 7 Step 651 Train Loss: 0.7499
Epoch 7 Step 1701 Train Loss: 0.7361
Epoch 7 Step 2651 Train Loss: 0.7473
Epoch 7 Step 701 Train Loss: 0.7382
Epoch 7 Step 1751 Train Loss: 0.7324
Epoch 7 Step 2701 Train Loss: 0.7258
Epoch 7 Step 751 Train Loss: 0.7503
Epoch 7 Step 1801 Train Loss: 0.7289
Epoch 7 Step 2751 Train Loss: 0.7318
Epoch 7 Step 801 Train Loss: 0.7381
Epoch 7 Step 1851 Train Loss: 0.7346
Epoch 7 Step 2801 Train Loss: 0.7433
Epoch 7 Step 851 Train Loss: 0.7378
Epoch 7 Step 1901 Train Loss: 0.7341
Epoch 7 Step 2851 Train Loss: 0.7355
Epoch 7 Step 901 Train Loss: 0.7399
Epoch 7 Step 1951 Train Loss: 0.7511
Epoch 7 Step 2901 Train Loss: 0.7461
Epoch 7 Step 951 Train Loss: 0.7317
Epoch 7 Step 2001 Train Loss: 0.7304
Epoch 7 Step 2951 Train Loss: 0.7406
Epoch 7 Step 1001 Train Loss: 0.7293
Epoch 7 Step 2051 Train Loss: 0.7523
Epoch 7 Step 3001 Train Loss: 0.7405
Epoch 7 Step 1051 Train Loss: 0.7429
Epoch 7 Step 2101 Train Loss: 0.7371
Epoch 7 Step 3051 Train Loss: 0.7211
Epoch 7 Step 1101 Train Loss: 0.7310
Epoch 7 Step 2151 Train Loss: 0.7351
Epoch 7 Step 3101 Train Loss: 0.7376
Epoch 7 Step 1151 Train Loss: 0.7430
Epoch 7 Step 2201 Train Loss: 0.7380
Epoch 7 Step 3151 Train Loss: 0.7343
Epoch 7 Step 1201 Train Loss: 0.7321
Epoch 7 Step 2251 Train Loss: 0.7398
Epoch 7 Step 3201 Train Loss: 0.7250
Epoch 7 Step 1251 Train Loss: 0.7313
Epoch 7 Step 2301 Train Loss: 0.7425
Epoch 7 Step 3251 Train Loss: 0.7272
Epoch 7 Step 1301 Train Loss: 0.7384
Epoch 7 Step 2351 Train Loss: 0.7446
Epoch 7 Step 3301 Train Loss: 0.7394
Epoch 7 Step 1351 Train Loss: 0.7379
Epoch 7 Step 2401 Train Loss: 0.7392
Epoch 7 Step 1401 Train Loss: 0.7321
Epoch 7 Step 2451 Train Loss: 0.7377
Epoch 7 Step 1451 Train Loss: 0.7436
Epoch 7 Step 2501 Train Loss: 0.7458
Epoch 7 Step 1501 Train Loss: 0.7299
Epoch 7 Step 2551 Train Loss: 0.7365
Epoch 7 Step 1551 Train Loss: 0.7157
Epoch 7 Step 2601 Train Loss: 0.7371
Epoch 7 Step 1601 Train Loss: 0.7336
Epoch 7 Step 2651 Train Loss: 0.7392
Epoch 7 Step 1651 Train Loss: 0.7343
Epoch 7 Step 2701 Train Loss: 0.7272
Epoch 7 Step 1701 Train Loss: 0.7396
Epoch 7 Step 2751 Train Loss: 0.7297
Epoch 7 Step 1751 Train Loss: 0.7312
Epoch 7 Step 2801 Train Loss: 0.7382
Epoch 7 Step 1801 Train Loss: 0.7364
Epoch 7 Step 2851 Train Loss: 0.7355
Epoch 7 Step 1851 Train Loss: 0.7344
Epoch 7 Step 2901 Train Loss: 0.7436
Epoch 7 Step 1901 Train Loss: 0.7341
Epoch 7 Step 2951 Train Loss: 0.7411
Epoch 7 Step 1951 Train Loss: 0.7473
Epoch 7 Step 3001 Train Loss: 0.7301
Epoch 7 Step 2001 Train Loss: 0.7352
Epoch 7 Step 3051 Train Loss: 0.7233
Epoch 7 Step 2051 Train Loss: 0.7551
Epoch 7 Step 3101 Train Loss: 0.7351
Epoch 7 Step 2101 Train Loss: 0.7382
Epoch 7 Step 3151 Train Loss: 0.7338
Epoch 7 Step 2151 Train Loss: 0.7282
Epoch 7 Step 3201 Train Loss: 0.7343
Epoch 7 Step 2201 Train Loss: 0.7450
Epoch 7 Step 3251 Train Loss: 0.7323
Epoch 7 Step 2251 Train Loss: 0.7426
Epoch 7 Step 3301 Train Loss: 0.7383
Epoch 7 Step 2301 Train Loss: 0.7400
Epoch 7 Step 2351 Train Loss: 0.7377
Epoch 7 Step 2401 Train Loss: 0.7408
Epoch 7 Step 2451 Train Loss: 0.7362
Epoch 7 Step 2501 Train Loss: 0.7422
Epoch 7 Step 2551 Train Loss: 0.7365
Epoch 7 Step 2601 Train Loss: 0.7331
Epoch 7 Step 2651 Train Loss: 0.7352
Epoch 7 Step 2701 Train Loss: 0.7351
Epoch 7 Step 2751 Train Loss: 0.7363
Epoch 7 Step 2801 Train Loss: 0.7391
Epoch 7 Step 2851 Train Loss: 0.7414
Epoch 7 Step 2901 Train Loss: 0.7336
Epoch 7 Step 2951 Train Loss: 0.7414
Epoch 7 Step 3001 Train Loss: 0.7294
Epoch 7 Step 3051 Train Loss: 0.7270
Epoch 7 Step 3101 Train Loss: 0.7324
Epoch 7 Step 3151 Train Loss: 0.7360
Epoch 7 Step 3201 Train Loss: 0.7343
Epoch 7 Step 3251 Train Loss: 0.7351
Epoch 7 Step 3301 Train Loss: 0.7442
Epoch 7: Train Overall MSE: 0.0056 Validation Overall MSE: 0.0056. 
Train Top 20 DE MSE: 0.0771 Validation Top 20 DE MSE: 0.0771. 
Epoch 8 Step 1 Train Loss: 0.7391
Epoch 8 Step 51 Train Loss: 0.7328
Epoch 8 Step 101 Train Loss: 0.7319
Epoch 8 Step 151 Train Loss: 0.7314
Epoch 8 Step 201 Train Loss: 0.7362
Epoch 8 Step 251 Train Loss: 0.7327
Epoch 8 Step 301 Train Loss: 0.7404
Epoch 8 Step 351 Train Loss: 0.7456
Epoch 8 Step 401 Train Loss: 0.7422
Epoch 8 Step 451 Train Loss: 0.7443
Epoch 8 Step 501 Train Loss: 0.7373
Epoch 8 Step 551 Train Loss: 0.7367
Epoch 8 Step 601 Train Loss: 0.7444
Epoch 8 Step 651 Train Loss: 0.7385
Epoch 8 Step 701 Train Loss: 0.7480
Epoch 8 Step 751 Train Loss: 0.7374
Epoch 8 Step 801 Train Loss: 0.7359
Epoch 8 Step 851 Train Loss: 0.7374
Epoch 8 Step 901 Train Loss: 0.7389
Epoch 7: Train Overall MSE: 0.0055 Validation Overall MSE: 0.0055. 
Train Top 20 DE MSE: 0.0749 Validation Top 20 DE MSE: 0.0749. 
Epoch 8 Step 1 Train Loss: 0.7373
Epoch 8 Step 951 Train Loss: 0.7450
Epoch 8 Step 51 Train Loss: 0.7326
Epoch 8 Step 1001 Train Loss: 0.7476
Epoch 8 Step 101 Train Loss: 0.7332
Epoch 8 Step 1051 Train Loss: 0.7437
Epoch 8 Step 151 Train Loss: 0.7339
Epoch 8 Step 1101 Train Loss: 0.7409
Epoch 8 Step 201 Train Loss: 0.7371
Epoch 8 Step 1151 Train Loss: 0.7387
Epoch 8 Step 251 Train Loss: 0.7376
Epoch 8 Step 1201 Train Loss: 0.7498
Epoch 8 Step 301 Train Loss: 0.7449
Epoch 8 Step 1251 Train Loss: 0.7356
Epoch 8 Step 351 Train Loss: 0.7437
Epoch 8 Step 1301 Train Loss: 0.7429
Epoch 8 Step 401 Train Loss: 0.7424
Epoch 8 Step 1351 Train Loss: 0.7500
Epoch 8 Step 451 Train Loss: 0.7401
Epoch 8 Step 1401 Train Loss: 0.7361
Epoch 8 Step 501 Train Loss: 0.7342
Epoch 8 Step 1451 Train Loss: 0.7433
Epoch 8 Step 551 Train Loss: 0.7389
Epoch 8 Step 1501 Train Loss: 0.7430
Epoch 8 Step 601 Train Loss: 0.7358
Epoch 8 Step 1551 Train Loss: 0.7406
Epoch 8 Step 651 Train Loss: 0.7352
Epoch 8 Step 1601 Train Loss: 0.7373
Epoch 8 Step 701 Train Loss: 0.7443
Epoch 8 Step 1651 Train Loss: 0.7359
Epoch 8 Step 751 Train Loss: 0.7363
Epoch 8 Step 1701 Train Loss: 0.7419
Epoch 8 Step 801 Train Loss: 0.7454
Epoch 8 Step 1751 Train Loss: 0.7361
Epoch 8 Step 851 Train Loss: 0.7426
Epoch 8 Step 1801 Train Loss: 0.7361
Epoch 8 Step 901 Train Loss: 0.7385
Epoch 8 Step 1851 Train Loss: 0.7404
Epoch 7: Train Overall MSE: 0.0056 Validation Overall MSE: 0.0056. 
Train Top 20 DE MSE: 0.0759 Validation Top 20 DE MSE: 0.0759. 
Epoch 8 Step 1 Train Loss: 0.7356
Epoch 8 Step 951 Train Loss: 0.7407
Epoch 8 Step 1901 Train Loss: 0.7312
Epoch 8 Step 51 Train Loss: 0.7281
Epoch 8 Step 1001 Train Loss: 0.7431
Epoch 8 Step 1951 Train Loss: 0.7410
Epoch 8 Step 101 Train Loss: 0.7347
Epoch 8 Step 1051 Train Loss: 0.7443
Epoch 8 Step 2001 Train Loss: 0.7437
Epoch 8 Step 151 Train Loss: 0.7401
Epoch 8 Step 1101 Train Loss: 0.7391
Epoch 8 Step 2051 Train Loss: 0.7329
Epoch 8 Step 201 Train Loss: 0.7401
Epoch 8 Step 1151 Train Loss: 0.7387
Epoch 8 Step 2101 Train Loss: 0.7421
Epoch 8 Step 251 Train Loss: 0.7353
Epoch 8 Step 1201 Train Loss: 0.7488
Epoch 8 Step 2151 Train Loss: 0.7358
Epoch 8 Step 301 Train Loss: 0.7464
Epoch 8 Step 1251 Train Loss: 0.7317
Epoch 8 Step 2201 Train Loss: 0.7310
Epoch 8 Step 351 Train Loss: 0.7403
Epoch 8 Step 1301 Train Loss: 0.7381
Epoch 8 Step 2251 Train Loss: 0.7477
Epoch 8 Step 401 Train Loss: 0.7363
Epoch 8 Step 1351 Train Loss: 0.7473
Epoch 8 Step 2301 Train Loss: 0.7479
Epoch 8 Step 451 Train Loss: 0.7417
Epoch 8 Step 1401 Train Loss: 0.7294
Epoch 8 Step 2351 Train Loss: 0.7393
Epoch 8 Step 501 Train Loss: 0.7365
Epoch 8 Step 1451 Train Loss: 0.7301
Epoch 8 Step 2401 Train Loss: 0.7428
Epoch 8 Step 551 Train Loss: 0.7433
Epoch 8 Step 1501 Train Loss: 0.7452
Epoch 8 Step 2451 Train Loss: 0.7343
Epoch 8 Step 601 Train Loss: 0.7388
Epoch 8 Step 1551 Train Loss: 0.7408
Epoch 8 Step 2501 Train Loss: 0.7369
Epoch 8 Step 651 Train Loss: 0.7408
Epoch 8 Step 1601 Train Loss: 0.7362
Epoch 8 Step 2551 Train Loss: 0.7405
Epoch 8 Step 701 Train Loss: 0.7379
Epoch 8 Step 1651 Train Loss: 0.7455
Epoch 8 Step 2601 Train Loss: 0.7392
Epoch 8 Step 751 Train Loss: 0.7344
Epoch 8 Step 1701 Train Loss: 0.7371
Epoch 8 Step 2651 Train Loss: 0.7353
Epoch 8 Step 801 Train Loss: 0.7392
Epoch 8 Step 1751 Train Loss: 0.7286
Epoch 8 Step 2701 Train Loss: 0.7286
Epoch 8 Step 851 Train Loss: 0.7381
Epoch 8 Step 1801 Train Loss: 0.7393
Epoch 8 Step 2751 Train Loss: 0.7468
Epoch 8 Step 901 Train Loss: 0.7374
Epoch 8 Step 1851 Train Loss: 0.7413
Epoch 8 Step 2801 Train Loss: 0.7403
Epoch 8 Step 951 Train Loss: 0.7386
Epoch 8 Step 1901 Train Loss: 0.7372
Epoch 8 Step 2851 Train Loss: 0.7450
Epoch 8 Step 1001 Train Loss: 0.7427
Epoch 8 Step 1951 Train Loss: 0.7375
Epoch 8 Step 2901 Train Loss: 0.7481
Epoch 8 Step 1051 Train Loss: 0.7428
Epoch 8 Step 2001 Train Loss: 0.7487
Epoch 8 Step 2951 Train Loss: 0.7390
Epoch 8 Step 1101 Train Loss: 0.7387
Epoch 8 Step 2051 Train Loss: 0.7408
Epoch 8 Step 3001 Train Loss: 0.7221
Epoch 8 Step 1151 Train Loss: 0.7367
Epoch 8 Step 2101 Train Loss: 0.7445
Epoch 8 Step 3051 Train Loss: 0.7339
Epoch 8 Step 1201 Train Loss: 0.7477
Epoch 8 Step 2151 Train Loss: 0.7384
Epoch 8 Step 3101 Train Loss: 0.7329
Epoch 8 Step 1251 Train Loss: 0.7327
Epoch 8 Step 2201 Train Loss: 0.7343
Epoch 8 Step 3151 Train Loss: 0.7325
Epoch 8 Step 1301 Train Loss: 0.7374
Epoch 8 Step 2251 Train Loss: 0.7481
Epoch 8 Step 3201 Train Loss: 0.7311
Epoch 8 Step 1351 Train Loss: 0.7530
Epoch 8 Step 2301 Train Loss: 0.7399
Epoch 8 Step 3251 Train Loss: 0.7302
Epoch 8 Step 1401 Train Loss: 0.7395
Epoch 8 Step 2351 Train Loss: 0.7380
Epoch 8 Step 3301 Train Loss: 0.7426
Epoch 8 Step 1451 Train Loss: 0.7257
Epoch 8 Step 2401 Train Loss: 0.7454
Epoch 8 Step 1501 Train Loss: 0.7398
Epoch 8 Step 2451 Train Loss: 0.7279
Epoch 8 Step 1551 Train Loss: 0.7425
Epoch 8 Step 2501 Train Loss: 0.7378
Epoch 8 Step 1601 Train Loss: 0.7395
Epoch 8 Step 2551 Train Loss: 0.7404
Epoch 8 Step 1651 Train Loss: 0.7430
Epoch 8 Step 2601 Train Loss: 0.7397
Epoch 8 Step 1701 Train Loss: 0.7340
Epoch 8 Step 2651 Train Loss: 0.7337
Epoch 8 Step 1751 Train Loss: 0.7294
Epoch 8 Step 2701 Train Loss: 0.7294
Epoch 8 Step 1801 Train Loss: 0.7367
Epoch 8 Step 2751 Train Loss: 0.7449
Epoch 8 Step 1851 Train Loss: 0.7441
Epoch 8 Step 2801 Train Loss: 0.7377
Epoch 8 Step 1901 Train Loss: 0.7384
Epoch 8 Step 2851 Train Loss: 0.7419
Epoch 8 Step 1951 Train Loss: 0.7349
Epoch 8 Step 2901 Train Loss: 0.7460
Epoch 8 Step 2001 Train Loss: 0.7499
Epoch 8 Step 2951 Train Loss: 0.7361
Epoch 8 Step 2051 Train Loss: 0.7444
Epoch 8 Step 3001 Train Loss: 0.7217
Epoch 8 Step 2101 Train Loss: 0.7425
Epoch 8 Step 3051 Train Loss: 0.7298
Epoch 8 Step 2151 Train Loss: 0.7434
Epoch 8 Step 3101 Train Loss: 0.7415
Epoch 8 Step 2201 Train Loss: 0.7356
Epoch 8 Step 3151 Train Loss: 0.7359
Epoch 8 Step 2251 Train Loss: 0.7417
Epoch 8 Step 3201 Train Loss: 0.7287
Epoch 8 Step 2301 Train Loss: 0.7353
Epoch 8 Step 3251 Train Loss: 0.7407
Epoch 8 Step 2351 Train Loss: 0.7375
Epoch 8 Step 3301 Train Loss: 0.7418
Epoch 8 Step 2401 Train Loss: 0.7462
Epoch 8 Step 2451 Train Loss: 0.7310
Epoch 8 Step 2501 Train Loss: 0.7400
Epoch 8 Step 2551 Train Loss: 0.7422
Epoch 8 Step 2601 Train Loss: 0.7370
Epoch 8 Step 2651 Train Loss: 0.7367
Epoch 8 Step 2701 Train Loss: 0.7292
Epoch 8 Step 2751 Train Loss: 0.7463
Epoch 8 Step 2801 Train Loss: 0.7407
Epoch 8 Step 2851 Train Loss: 0.7393
Epoch 8 Step 2901 Train Loss: 0.7414
Epoch 8 Step 2951 Train Loss: 0.7365
Epoch 8 Step 3001 Train Loss: 0.7205
Epoch 8 Step 3051 Train Loss: 0.7317
Epoch 8 Step 3101 Train Loss: 0.7429
Epoch 8 Step 3151 Train Loss: 0.7344
Epoch 8 Step 3201 Train Loss: 0.7330
Epoch 8 Step 3251 Train Loss: 0.7426
Epoch 8 Step 3301 Train Loss: 0.7390
Epoch 8: Train Overall MSE: 0.0056 Validation Overall MSE: 0.0056. 
Train Top 20 DE MSE: 0.0764 Validation Top 20 DE MSE: 0.0764. 
Epoch 9 Step 1 Train Loss: 0.7398
Epoch 9 Step 51 Train Loss: 0.7306
Epoch 9 Step 101 Train Loss: 0.7453
Epoch 9 Step 151 Train Loss: 0.7419
Epoch 9 Step 201 Train Loss: 0.7354
Epoch 9 Step 251 Train Loss: 0.7387
Epoch 9 Step 301 Train Loss: 0.7264
Epoch 9 Step 351 Train Loss: 0.7434
Epoch 9 Step 401 Train Loss: 0.7488
Epoch 9 Step 451 Train Loss: 0.7271
Epoch 9 Step 501 Train Loss: 0.7499
Epoch 9 Step 551 Train Loss: 0.7395
Epoch 9 Step 601 Train Loss: 0.7263
Epoch 9 Step 651 Train Loss: 0.7360
Epoch 9 Step 701 Train Loss: 0.7322
Epoch 9 Step 751 Train Loss: 0.7433
Epoch 9 Step 801 Train Loss: 0.7276
Epoch 9 Step 851 Train Loss: 0.7490
Epoch 9 Step 901 Train Loss: 0.7402
Epoch 8: Train Overall MSE: 0.0055 Validation Overall MSE: 0.0055. 
Train Top 20 DE MSE: 0.0751 Validation Top 20 DE MSE: 0.0751. 
Epoch 9 Step 1 Train Loss: 0.7382
Epoch 9 Step 951 Train Loss: 0.7412
Epoch 9 Step 51 Train Loss: 0.7390
Epoch 9 Step 1001 Train Loss: 0.7373
Epoch 9 Step 101 Train Loss: 0.7511
Epoch 9 Step 1051 Train Loss: 0.7341
Epoch 9 Step 151 Train Loss: 0.7396
Epoch 9 Step 1101 Train Loss: 0.7284
Epoch 9 Step 201 Train Loss: 0.7353
Epoch 9 Step 1151 Train Loss: 0.7388
Epoch 9 Step 251 Train Loss: 0.7388
Epoch 9 Step 1201 Train Loss: 0.7305
Epoch 9 Step 301 Train Loss: 0.7322
Epoch 9 Step 1251 Train Loss: 0.7418
Epoch 9 Step 351 Train Loss: 0.7393
Epoch 9 Step 1301 Train Loss: 0.7368
Epoch 9 Step 401 Train Loss: 0.7359
Epoch 9 Step 1351 Train Loss: 0.7340
Epoch 9 Step 451 Train Loss: 0.7285
Epoch 9 Step 1401 Train Loss: 0.7420
Epoch 9 Step 501 Train Loss: 0.7460
Epoch 9 Step 1451 Train Loss: 0.7204
Epoch 9 Step 551 Train Loss: 0.7440
Epoch 9 Step 1501 Train Loss: 0.7370
Epoch 9 Step 601 Train Loss: 0.7330
Epoch 9 Step 1551 Train Loss: 0.7484
Epoch 9 Step 651 Train Loss: 0.7426
Epoch 9 Step 1601 Train Loss: 0.7408
Epoch 9 Step 701 Train Loss: 0.7352
Epoch 9 Step 1651 Train Loss: 0.7502
Epoch 9 Step 751 Train Loss: 0.7437
Epoch 9 Step 1701 Train Loss: 0.7387
Epoch 9 Step 801 Train Loss: 0.7323
Epoch 9 Step 1751 Train Loss: 0.7422
Epoch 9 Step 851 Train Loss: 0.7499
Epoch 9 Step 1801 Train Loss: 0.7436
Epoch 9 Step 901 Train Loss: 0.7430
Epoch 9 Step 1851 Train Loss: 0.7348
Epoch 9 Step 951 Train Loss: 0.7400
Epoch 9 Step 1901 Train Loss: 0.7454
Epoch 9 Step 1001 Train Loss: 0.7369
Epoch 8: Train Overall MSE: 0.0056 Validation Overall MSE: 0.0056. 
Train Top 20 DE MSE: 0.0750 Validation Top 20 DE MSE: 0.0750. 
Epoch 9 Step 1 Train Loss: 0.7400
Epoch 9 Step 1951 Train Loss: 0.7401
Epoch 9 Step 1051 Train Loss: 0.7304
Epoch 9 Step 51 Train Loss: 0.7414
Epoch 9 Step 2001 Train Loss: 0.7388
Epoch 9 Step 1101 Train Loss: 0.7262
Epoch 9 Step 101 Train Loss: 0.7458
Epoch 9 Step 2051 Train Loss: 0.7397
Epoch 9 Step 1151 Train Loss: 0.7374
Epoch 9 Step 151 Train Loss: 0.7458
Epoch 9 Step 2101 Train Loss: 0.7415
Epoch 9 Step 1201 Train Loss: 0.7214
Epoch 9 Step 201 Train Loss: 0.7379
Epoch 9 Step 1251 Train Loss: 0.7334
Epoch 9 Step 2151 Train Loss: 0.7274
Epoch 9 Step 251 Train Loss: 0.7393
Epoch 9 Step 1301 Train Loss: 0.7326
Epoch 9 Step 2201 Train Loss: 0.7428
Epoch 9 Step 301 Train Loss: 0.7318
Epoch 9 Step 1351 Train Loss: 0.7369
Epoch 9 Step 2251 Train Loss: 0.7359
Epoch 9 Step 351 Train Loss: 0.7419
Epoch 9 Step 1401 Train Loss: 0.7451
Epoch 9 Step 2301 Train Loss: 0.7483
Epoch 9 Step 401 Train Loss: 0.7346
Epoch 9 Step 1451 Train Loss: 0.7228
Epoch 9 Step 2351 Train Loss: 0.7466
Epoch 9 Step 451 Train Loss: 0.7237
Epoch 9 Step 1501 Train Loss: 0.7429
Epoch 9 Step 2401 Train Loss: 0.7310
Epoch 9 Step 501 Train Loss: 0.7441
Epoch 9 Step 1551 Train Loss: 0.7479
Epoch 9 Step 2451 Train Loss: 0.7372
Epoch 9 Step 551 Train Loss: 0.7421
Epoch 9 Step 1601 Train Loss: 0.7413
Epoch 9 Step 2501 Train Loss: 0.7412
Epoch 9 Step 601 Train Loss: 0.7336
Epoch 9 Step 1651 Train Loss: 0.7454
Epoch 9 Step 2551 Train Loss: 0.7508
Epoch 9 Step 651 Train Loss: 0.7423
Epoch 9 Step 1701 Train Loss: 0.7357
Epoch 9 Step 2601 Train Loss: 0.7385
Epoch 9 Step 701 Train Loss: 0.7399
Epoch 9 Step 1751 Train Loss: 0.7434
Epoch 9 Step 2651 Train Loss: 0.7376
Epoch 9 Step 751 Train Loss: 0.7447
Epoch 9 Step 1801 Train Loss: 0.7429
Epoch 9 Step 2701 Train Loss: 0.7343
Epoch 9 Step 801 Train Loss: 0.7282
Epoch 9 Step 1851 Train Loss: 0.7292
Epoch 9 Step 2751 Train Loss: 0.7343
Epoch 9 Step 851 Train Loss: 0.7500
Epoch 9 Step 1901 Train Loss: 0.7470
Epoch 9 Step 2801 Train Loss: 0.7404
Epoch 9 Step 901 Train Loss: 0.7436
Epoch 9 Step 1951 Train Loss: 0.7395
Epoch 9 Step 2851 Train Loss: 0.7422
Epoch 9 Step 951 Train Loss: 0.7338
Epoch 9 Step 2001 Train Loss: 0.7422
Epoch 9 Step 2901 Train Loss: 0.7468
Epoch 9 Step 1001 Train Loss: 0.7354
Epoch 9 Step 2051 Train Loss: 0.7403
Epoch 9 Step 2951 Train Loss: 0.7324
Epoch 9 Step 1051 Train Loss: 0.7326
Epoch 9 Step 2101 Train Loss: 0.7446
Epoch 9 Step 3001 Train Loss: 0.7343
Epoch 9 Step 1101 Train Loss: 0.7244
Epoch 9 Step 2151 Train Loss: 0.7341
Epoch 9 Step 3051 Train Loss: 0.7315
Epoch 9 Step 1151 Train Loss: 0.7384
Epoch 9 Step 2201 Train Loss: 0.7444
Epoch 9 Step 3101 Train Loss: 0.7290
Epoch 9 Step 1201 Train Loss: 0.7205
Epoch 9 Step 2251 Train Loss: 0.7356
Epoch 9 Step 3151 Train Loss: 0.7285
Epoch 9 Step 1251 Train Loss: 0.7319
Epoch 9 Step 2301 Train Loss: 0.7427
Epoch 9 Step 3201 Train Loss: 0.7391
Epoch 9 Step 1301 Train Loss: 0.7355
Epoch 9 Step 2351 Train Loss: 0.7399
Epoch 9 Step 3251 Train Loss: 0.7424
Epoch 9 Step 1351 Train Loss: 0.7430
Epoch 9 Step 2401 Train Loss: 0.7318
Epoch 9 Step 3301 Train Loss: 0.7444
Epoch 9 Step 1401 Train Loss: 0.7451
Epoch 9 Step 2451 Train Loss: 0.7401
Epoch 9 Step 1451 Train Loss: 0.7231
Epoch 9 Step 2501 Train Loss: 0.7389
Epoch 9 Step 1501 Train Loss: 0.7445
Epoch 9 Step 2551 Train Loss: 0.7499
Epoch 9 Step 1551 Train Loss: 0.7460
Epoch 9 Step 2601 Train Loss: 0.7328
Epoch 9 Step 1601 Train Loss: 0.7489
Epoch 9 Step 2651 Train Loss: 0.7325
Epoch 9 Step 1651 Train Loss: 0.7429
Epoch 9 Step 2701 Train Loss: 0.7386
Epoch 9 Step 1701 Train Loss: 0.7501
Epoch 9 Step 2751 Train Loss: 0.7301
Epoch 9 Step 1751 Train Loss: 0.7434
Epoch 9 Step 2801 Train Loss: 0.7359
Epoch 9 Step 1801 Train Loss: 0.7425
Epoch 9 Step 2851 Train Loss: 0.7444
Epoch 9 Step 1851 Train Loss: 0.7486
Epoch 9 Step 2901 Train Loss: 0.7408
Epoch 9 Step 1901 Train Loss: 0.7413
Epoch 9 Step 2951 Train Loss: 0.7304
Epoch 9 Step 1951 Train Loss: 0.7372
Epoch 9 Step 3001 Train Loss: 0.7309
Epoch 9 Step 2001 Train Loss: 0.7385
Epoch 9 Step 3051 Train Loss: 0.7276
Epoch 9 Step 2051 Train Loss: 0.7280
Epoch 9 Step 3101 Train Loss: 0.7302
Epoch 9 Step 2101 Train Loss: 0.7432
Epoch 9 Step 3151 Train Loss: 0.7323
Epoch 9 Step 2151 Train Loss: 0.7367
Epoch 9 Step 3201 Train Loss: 0.7327
Epoch 9 Step 2201 Train Loss: 0.7409
Epoch 9 Step 3251 Train Loss: 0.7431
Epoch 9 Step 2251 Train Loss: 0.7334
Epoch 9 Step 3301 Train Loss: 0.7393
Epoch 9 Step 2301 Train Loss: 0.7380
Epoch 9 Step 2351 Train Loss: 0.7359
Epoch 9 Step 2401 Train Loss: 0.7328
Epoch 9 Step 2451 Train Loss: 0.7433
Epoch 9 Step 2501 Train Loss: 0.7375
Epoch 9 Step 2551 Train Loss: 0.7521
Epoch 9 Step 2601 Train Loss: 0.7411
Epoch 9 Step 2651 Train Loss: 0.7297
Epoch 9 Step 2701 Train Loss: 0.7416
Epoch 9 Step 2751 Train Loss: 0.7302
Epoch 9 Step 2801 Train Loss: 0.7411
Epoch 9 Step 2851 Train Loss: 0.7383
Epoch 9 Step 2901 Train Loss: 0.7344
Epoch 9 Step 2951 Train Loss: 0.7363
Epoch 9 Step 3001 Train Loss: 0.7352
Epoch 9 Step 3051 Train Loss: 0.7301
Epoch 9 Step 3101 Train Loss: 0.7319
Epoch 9 Step 3151 Train Loss: 0.7361
Epoch 9 Step 3201 Train Loss: 0.7372
Epoch 9 Step 3251 Train Loss: 0.7420
Epoch 9 Step 3301 Train Loss: 0.7416
Epoch 9: Train Overall MSE: 0.0056 Validation Overall MSE: 0.0056. 
Train Top 20 DE MSE: 0.0758 Validation Top 20 DE MSE: 0.0758. 
Epoch 10 Step 1 Train Loss: 0.7401
Epoch 10 Step 51 Train Loss: 0.7386
Epoch 10 Step 101 Train Loss: 0.7428
Epoch 10 Step 151 Train Loss: 0.7409
Epoch 10 Step 201 Train Loss: 0.7386
Epoch 10 Step 251 Train Loss: 0.7410
Epoch 10 Step 301 Train Loss: 0.7336
Epoch 10 Step 351 Train Loss: 0.7426
Epoch 10 Step 401 Train Loss: 0.7484
Epoch 10 Step 451 Train Loss: 0.7428
Epoch 10 Step 501 Train Loss: 0.7465
Epoch 10 Step 551 Train Loss: 0.7394
Epoch 10 Step 601 Train Loss: 0.7428
Epoch 10 Step 651 Train Loss: 0.7293
Epoch 10 Step 701 Train Loss: 0.7479
Epoch 10 Step 751 Train Loss: 0.7419
Epoch 10 Step 801 Train Loss: 0.7278
Epoch 9: Train Overall MSE: 0.0055 Validation Overall MSE: 0.0055. 
Train Top 20 DE MSE: 0.0745 Validation Top 20 DE MSE: 0.0745. 
Epoch 10 Step 1 Train Loss: 0.7373
Epoch 10 Step 851 Train Loss: 0.7289
Epoch 10 Step 51 Train Loss: 0.7408
Epoch 10 Step 901 Train Loss: 0.7275
Epoch 10 Step 101 Train Loss: 0.7434
Epoch 10 Step 951 Train Loss: 0.7327
Epoch 10 Step 151 Train Loss: 0.7440
Epoch 10 Step 1001 Train Loss: 0.7345
Epoch 10 Step 201 Train Loss: 0.7367
Epoch 10 Step 1051 Train Loss: 0.7369
Epoch 10 Step 251 Train Loss: 0.7377
Epoch 10 Step 1101 Train Loss: 0.7397
Epoch 10 Step 301 Train Loss: 0.7388
Epoch 10 Step 1151 Train Loss: 0.7444
Epoch 10 Step 351 Train Loss: 0.7418
Epoch 10 Step 1201 Train Loss: 0.7228
Epoch 10 Step 401 Train Loss: 0.7449
Epoch 10 Step 1251 Train Loss: 0.7238
Epoch 10 Step 451 Train Loss: 0.7409
Epoch 10 Step 1301 Train Loss: 0.7298
Epoch 10 Step 501 Train Loss: 0.7499
Epoch 10 Step 1351 Train Loss: 0.7513
Epoch 10 Step 551 Train Loss: 0.7340
Epoch 10 Step 1401 Train Loss: 0.7400
Epoch 10 Step 601 Train Loss: 0.7453
Epoch 10 Step 1451 Train Loss: 0.7427
Epoch 10 Step 651 Train Loss: 0.7275
Epoch 10 Step 1501 Train Loss: 0.7410
Epoch 10 Step 701 Train Loss: 0.7407
Epoch 10 Step 1551 Train Loss: 0.7342
Epoch 10 Step 751 Train Loss: 0.7411
Epoch 10 Step 1601 Train Loss: 0.7280
Epoch 10 Step 801 Train Loss: 0.7254
Epoch 10 Step 1651 Train Loss: 0.7451
Epoch 10 Step 851 Train Loss: 0.7368
Epoch 10 Step 1701 Train Loss: 0.7362
Epoch 10 Step 901 Train Loss: 0.7339
Epoch 10 Step 1751 Train Loss: 0.7372
Epoch 10 Step 951 Train Loss: 0.7386
Epoch 10 Step 1801 Train Loss: 0.7397
Epoch 9: Train Overall MSE: 0.0056 Validation Overall MSE: 0.0056. 
Train Top 20 DE MSE: 0.0745 Validation Top 20 DE MSE: 0.0745. 
Epoch 10 Step 1 Train Loss: 0.7364
Epoch 10 Step 1001 Train Loss: 0.7273
Epoch 10 Step 1851 Train Loss: 0.7354
Epoch 10 Step 51 Train Loss: 0.7450
Epoch 10 Step 1051 Train Loss: 0.7354
Epoch 10 Step 1901 Train Loss: 0.7325
Epoch 10 Step 101 Train Loss: 0.7429
Epoch 10 Step 1101 Train Loss: 0.7401
Epoch 10 Step 1951 Train Loss: 0.7335
Epoch 10 Step 151 Train Loss: 0.7394
Epoch 10 Step 1151 Train Loss: 0.7375
Epoch 10 Step 2001 Train Loss: 0.7437
Epoch 10 Step 201 Train Loss: 0.7363
Epoch 10 Step 1201 Train Loss: 0.7280
Epoch 10 Step 2051 Train Loss: 0.7423
Epoch 10 Step 251 Train Loss: 0.7452
Epoch 10 Step 1251 Train Loss: 0.7253
Epoch 10 Step 2101 Train Loss: 0.7256
Epoch 10 Step 301 Train Loss: 0.7419
Epoch 10 Step 1301 Train Loss: 0.7395
Epoch 10 Step 2151 Train Loss: 0.7317
Epoch 10 Step 351 Train Loss: 0.7441
Epoch 10 Step 1351 Train Loss: 0.7493
Epoch 10 Step 2201 Train Loss: 0.7425
Epoch 10 Step 401 Train Loss: 0.7423
Epoch 10 Step 1401 Train Loss: 0.7358
Epoch 10 Step 2251 Train Loss: 0.7335
Epoch 10 Step 451 Train Loss: 0.7454
Epoch 10 Step 1451 Train Loss: 0.7467
Epoch 10 Step 2301 Train Loss: 0.7500
Epoch 10 Step 501 Train Loss: 0.7469
Epoch 10 Step 1501 Train Loss: 0.7447
Epoch 10 Step 2351 Train Loss: 0.7409
Epoch 10 Step 551 Train Loss: 0.7321
Epoch 10 Step 1551 Train Loss: 0.7397
Epoch 10 Step 2401 Train Loss: 0.7292
Epoch 10 Step 601 Train Loss: 0.7426
Epoch 10 Step 1601 Train Loss: 0.7343
Epoch 10 Step 2451 Train Loss: 0.7341
Epoch 10 Step 651 Train Loss: 0.7287
Epoch 10 Step 1651 Train Loss: 0.7439
Epoch 10 Step 2501 Train Loss: 0.7377
Epoch 10 Step 701 Train Loss: 0.7372
Epoch 10 Step 1701 Train Loss: 0.7356
Epoch 10 Step 2551 Train Loss: 0.7392
Epoch 10 Step 751 Train Loss: 0.7390
Epoch 10 Step 1751 Train Loss: 0.7369
Epoch 10 Step 2601 Train Loss: 0.7347
Epoch 10 Step 801 Train Loss: 0.7316
Epoch 10 Step 1801 Train Loss: 0.7384
Epoch 10 Step 2651 Train Loss: 0.7312
Epoch 10 Step 851 Train Loss: 0.7336
Epoch 10 Step 1851 Train Loss: 0.7345
Epoch 10 Step 901 Train Loss: 0.7347
Epoch 10 Step 2701 Train Loss: 0.7247
Epoch 10 Step 1901 Train Loss: 0.7328
Epoch 10 Step 951 Train Loss: 0.7362
Epoch 10 Step 2751 Train Loss: 0.7289
Epoch 10 Step 1951 Train Loss: 0.7274
Epoch 10 Step 1001 Train Loss: 0.7222
Epoch 10 Step 2801 Train Loss: 0.7437
Epoch 10 Step 2001 Train Loss: 0.7450
Epoch 10 Step 1051 Train Loss: 0.7341
Epoch 10 Step 2851 Train Loss: 0.7469
Epoch 10 Step 2051 Train Loss: 0.7427
Epoch 10 Step 1101 Train Loss: 0.7399
Epoch 10 Step 2901 Train Loss: 0.7447
Epoch 10 Step 2101 Train Loss: 0.7314
Epoch 10 Step 1151 Train Loss: 0.7358
Epoch 10 Step 2951 Train Loss: 0.7374
Epoch 10 Step 2151 Train Loss: 0.7295
Epoch 10 Step 1201 Train Loss: 0.7261
Epoch 10 Step 3001 Train Loss: 0.7582
Epoch 10 Step 2201 Train Loss: 0.7506
Epoch 10 Step 1251 Train Loss: 0.7292
Epoch 10 Step 2251 Train Loss: 0.7352
Epoch 10 Step 3051 Train Loss: 0.7457
Epoch 10 Step 1301 Train Loss: 0.7442
Epoch 10 Step 2301 Train Loss: 0.7474
Epoch 10 Step 3101 Train Loss: 0.7390
Epoch 10 Step 1351 Train Loss: 0.7490
Epoch 10 Step 3151 Train Loss: 0.7368
Epoch 10 Step 2351 Train Loss: 0.7400
Epoch 10 Step 1401 Train Loss: 0.7320
Epoch 10 Step 3201 Train Loss: 0.7342
Epoch 10 Step 2401 Train Loss: 0.7234
Epoch 10 Step 1451 Train Loss: 0.7363
Epoch 10 Step 3251 Train Loss: 0.7392
Epoch 10 Step 2451 Train Loss: 0.7387
Epoch 10 Step 1501 Train Loss: 0.7397
Epoch 10 Step 3301 Train Loss: 0.7375
Epoch 10 Step 2501 Train Loss: 0.7383
Epoch 10 Step 1551 Train Loss: 0.7359
Epoch 10 Step 2551 Train Loss: 0.7360
Epoch 10 Step 1601 Train Loss: 0.7309
Epoch 10 Step 2601 Train Loss: 0.7369
Epoch 10 Step 1651 Train Loss: 0.7391
Epoch 10 Step 2651 Train Loss: 0.7328
Epoch 10 Step 1701 Train Loss: 0.7349
Epoch 10 Step 2701 Train Loss: 0.7263
Epoch 10 Step 1751 Train Loss: 0.7434
Epoch 10 Step 2751 Train Loss: 0.7202
Epoch 10 Step 1801 Train Loss: 0.7361
Epoch 10 Step 2801 Train Loss: 0.7423
Epoch 10 Step 1851 Train Loss: 0.7330
Epoch 10 Step 2851 Train Loss: 0.7320
Epoch 10 Step 1901 Train Loss: 0.7297
Epoch 10 Step 2901 Train Loss: 0.7439
Epoch 10 Step 1951 Train Loss: 0.7232
Epoch 10 Step 2951 Train Loss: 0.7398
Epoch 10 Step 2001 Train Loss: 0.7409
Epoch 10 Step 3001 Train Loss: 0.7572
Epoch 10 Step 2051 Train Loss: 0.7483
Epoch 10 Step 3051 Train Loss: 0.7449
Epoch 10 Step 2101 Train Loss: 0.7349
Epoch 10 Step 3101 Train Loss: 0.7325
Epoch 10 Step 2151 Train Loss: 0.7288
Epoch 10 Step 3151 Train Loss: 0.7347
Epoch 10 Step 2201 Train Loss: 0.7493
Epoch 10 Step 3201 Train Loss: 0.7282
Epoch 10 Step 2251 Train Loss: 0.7350
Epoch 10 Step 3251 Train Loss: 0.7406
Epoch 10 Step 2301 Train Loss: 0.7496
Epoch 10 Step 3301 Train Loss: 0.7374
Epoch 10 Step 2351 Train Loss: 0.7418
Epoch 10 Step 2401 Train Loss: 0.7270
Epoch 10 Step 2451 Train Loss: 0.7382
Epoch 10 Step 2501 Train Loss: 0.7383
Epoch 10 Step 2551 Train Loss: 0.7373
Epoch 10 Step 2601 Train Loss: 0.7405
Epoch 10 Step 2651 Train Loss: 0.7402
Epoch 10 Step 2701 Train Loss: 0.7280
Epoch 10 Step 2751 Train Loss: 0.7185
Epoch 10 Step 2801 Train Loss: 0.7325
Epoch 10 Step 2851 Train Loss: 0.7341
Epoch 10 Step 2901 Train Loss: 0.7381
Epoch 10 Step 2951 Train Loss: 0.7400
Epoch 10 Step 3001 Train Loss: 0.7517
Epoch 10 Step 3051 Train Loss: 0.7356
Epoch 10 Step 3101 Train Loss: 0.7230
Epoch 10 Step 3151 Train Loss: 0.7338
Epoch 10 Step 3201 Train Loss: 0.7292
Epoch 10 Step 3251 Train Loss: 0.7492
Epoch 10 Step 3301 Train Loss: 0.7407
Epoch 10: Train Overall MSE: 0.0056 Validation Overall MSE: 0.0056. 
Train Top 20 DE MSE: 0.0766 Validation Top 20 DE MSE: 0.0766. 
Epoch 11 Step 1 Train Loss: 0.7377
Epoch 11 Step 51 Train Loss: 0.7448
Epoch 11 Step 101 Train Loss: 0.7382
Epoch 11 Step 151 Train Loss: 0.7397
Epoch 11 Step 201 Train Loss: 0.7378
Epoch 11 Step 251 Train Loss: 0.7296
Epoch 11 Step 301 Train Loss: 0.7370
Epoch 11 Step 351 Train Loss: 0.7468
Epoch 11 Step 401 Train Loss: 0.7405
Epoch 11 Step 451 Train Loss: 0.7478
Epoch 11 Step 501 Train Loss: 0.7310
Epoch 11 Step 551 Train Loss: 0.7404
Epoch 11 Step 601 Train Loss: 0.7441
Epoch 11 Step 651 Train Loss: 0.7375
Epoch 11 Step 701 Train Loss: 0.7285
Epoch 10: Train Overall MSE: 0.0056 Validation Overall MSE: 0.0056. 
Train Top 20 DE MSE: 0.0752 Validation Top 20 DE MSE: 0.0752. 
Epoch 11 Step 1 Train Loss: 0.7364
Epoch 11 Step 751 Train Loss: 0.7384
Epoch 11 Step 51 Train Loss: 0.7485
Epoch 11 Step 801 Train Loss: 0.7266
Epoch 11 Step 101 Train Loss: 0.7419
Epoch 11 Step 851 Train Loss: 0.7456
Epoch 11 Step 151 Train Loss: 0.7318
Epoch 11 Step 901 Train Loss: 0.7382
Epoch 11 Step 201 Train Loss: 0.7425
Epoch 11 Step 951 Train Loss: 0.7346
Epoch 11 Step 251 Train Loss: 0.7307
Epoch 11 Step 1001 Train Loss: 0.7337
Epoch 11 Step 301 Train Loss: 0.7400
Epoch 11 Step 1051 Train Loss: 0.7409
Epoch 11 Step 351 Train Loss: 0.7453
Epoch 11 Step 1101 Train Loss: 0.7415
Epoch 11 Step 401 Train Loss: 0.7416
Epoch 11 Step 1151 Train Loss: 0.7346
Epoch 11 Step 451 Train Loss: 0.7447
Epoch 11 Step 1201 Train Loss: 0.7399
Epoch 11 Step 501 Train Loss: 0.7282
Epoch 11 Step 1251 Train Loss: 0.7379
Epoch 11 Step 551 Train Loss: 0.7398
Epoch 11 Step 1301 Train Loss: 0.7394
Epoch 11 Step 601 Train Loss: 0.7434
Epoch 11 Step 1351 Train Loss: 0.7404
Epoch 11 Step 651 Train Loss: 0.7415
Epoch 11 Step 1401 Train Loss: 0.7448
Epoch 11 Step 701 Train Loss: 0.7252
Epoch 11 Step 1451 Train Loss: 0.7316
Epoch 11 Step 751 Train Loss: 0.7438
Epoch 11 Step 1501 Train Loss: 0.7440
Epoch 11 Step 801 Train Loss: 0.7352
Epoch 11 Step 1551 Train Loss: 0.7444
Epoch 11 Step 851 Train Loss: 0.7438
Epoch 11 Step 1601 Train Loss: 0.7332
Epoch 11 Step 901 Train Loss: 0.7466
Epoch 11 Step 1651 Train Loss: 0.7441
Epoch 10: Train Overall MSE: 0.0056 Validation Overall MSE: 0.0056. 
Train Top 20 DE MSE: 0.0751 Validation Top 20 DE MSE: 0.0751. 
Epoch 11 Step 1 Train Loss: 0.7365
Epoch 11 Step 951 Train Loss: 0.7333
Epoch 11 Step 1701 Train Loss: 0.7258
Epoch 11 Step 51 Train Loss: 0.7541
Epoch 11 Step 1001 Train Loss: 0.7448
Epoch 11 Step 1751 Train Loss: 0.7346
Epoch 11 Step 101 Train Loss: 0.7353
Epoch 11 Step 1051 Train Loss: 0.7398
Epoch 11 Step 1801 Train Loss: 0.7335
Epoch 11 Step 151 Train Loss: 0.7230
Epoch 11 Step 1101 Train Loss: 0.7392
Epoch 11 Step 1851 Train Loss: 0.7256
Epoch 11 Step 201 Train Loss: 0.7402
Epoch 11 Step 1151 Train Loss: 0.7359
Epoch 11 Step 1901 Train Loss: 0.7442
Epoch 11 Step 251 Train Loss: 0.7302
Epoch 11 Step 1201 Train Loss: 0.7298
Epoch 11 Step 1951 Train Loss: 0.7382
Epoch 11 Step 301 Train Loss: 0.7310
Epoch 11 Step 1251 Train Loss: 0.7400
Epoch 11 Step 2001 Train Loss: 0.7426
Epoch 11 Step 351 Train Loss: 0.7450
Epoch 11 Step 1301 Train Loss: 0.7338
Epoch 11 Step 2051 Train Loss: 0.7413
Epoch 11 Step 401 Train Loss: 0.7412
Epoch 11 Step 1351 Train Loss: 0.7409
Epoch 11 Step 2101 Train Loss: 0.7368
Epoch 11 Step 451 Train Loss: 0.7393
Epoch 11 Step 1401 Train Loss: 0.7468
Epoch 11 Step 2151 Train Loss: 0.7427
Epoch 11 Step 501 Train Loss: 0.7355
Epoch 11 Step 1451 Train Loss: 0.7344
Epoch 11 Step 2201 Train Loss: 0.7264
Epoch 11 Step 551 Train Loss: 0.7407
Epoch 11 Step 1501 Train Loss: 0.7509
Epoch 11 Step 2251 Train Loss: 0.7374
Epoch 11 Step 601 Train Loss: 0.7429
Epoch 11 Step 1551 Train Loss: 0.7449
Epoch 11 Step 2301 Train Loss: 0.7326
Epoch 11 Step 651 Train Loss: 0.7445
Epoch 11 Step 1601 Train Loss: 0.7423
Epoch 11 Step 2351 Train Loss: 0.7261
Epoch 11 Step 701 Train Loss: 0.7349
Epoch 11 Step 1651 Train Loss: 0.7504
Epoch 11 Step 2401 Train Loss: 0.7389
Epoch 11 Step 751 Train Loss: 0.7506
Epoch 11 Step 1701 Train Loss: 0.7235
Epoch 11 Step 2451 Train Loss: 0.7492
Epoch 11 Step 801 Train Loss: 0.7407
Epoch 11 Step 1751 Train Loss: 0.7366
Epoch 11 Step 2501 Train Loss: 0.7369
Epoch 11 Step 851 Train Loss: 0.7469
Epoch 11 Step 1801 Train Loss: 0.7311
Epoch 11 Step 2551 Train Loss: 0.7307
Epoch 11 Step 901 Train Loss: 0.7382
Epoch 11 Step 1851 Train Loss: 0.7297
Epoch 11 Step 2601 Train Loss: 0.7538
Epoch 11 Step 951 Train Loss: 0.7309
Epoch 11 Step 1901 Train Loss: 0.7570
Epoch 11 Step 2651 Train Loss: 0.7324
Epoch 11 Step 1001 Train Loss: 0.7444
Epoch 11 Step 1951 Train Loss: 0.7399
Epoch 11 Step 2701 Train Loss: 0.7396
Epoch 11 Step 1051 Train Loss: 0.7353
Epoch 11 Step 2001 Train Loss: 0.7432
Epoch 11 Step 2751 Train Loss: 0.7343
Epoch 11 Step 1101 Train Loss: 0.7392
Epoch 11 Step 2051 Train Loss: 0.7380
Epoch 11 Step 2801 Train Loss: 0.7292
Epoch 11 Step 1151 Train Loss: 0.7410
Epoch 11 Step 2101 Train Loss: 0.7363
Epoch 11 Step 2851 Train Loss: 0.7412
Epoch 11 Step 1201 Train Loss: 0.7308
Epoch 11 Step 2151 Train Loss: 0.7372
Epoch 11 Step 2901 Train Loss: 0.7410
Epoch 11 Step 1251 Train Loss: 0.7435
Epoch 11 Step 2201 Train Loss: 0.7334
Epoch 11 Step 2951 Train Loss: 0.7348
Epoch 11 Step 1301 Train Loss: 0.7328
Epoch 11 Step 2251 Train Loss: 0.7401
Epoch 11 Step 3001 Train Loss: 0.7249
Epoch 11 Step 1351 Train Loss: 0.7426
Epoch 11 Step 2301 Train Loss: 0.7327
Epoch 11 Step 3051 Train Loss: 0.7352
Epoch 11 Step 1401 Train Loss: 0.7511
Epoch 11 Step 2351 Train Loss: 0.7275
Epoch 11 Step 3101 Train Loss: 0.7251
Epoch 11 Step 1451 Train Loss: 0.7315
Epoch 11 Step 2401 Train Loss: 0.7305
Epoch 11 Step 3151 Train Loss: 0.7335
Epoch 11 Step 1501 Train Loss: 0.7516
Epoch 11 Step 2451 Train Loss: 0.7418
Epoch 11 Step 3201 Train Loss: 0.7386
Epoch 11 Step 1551 Train Loss: 0.7408
Epoch 11 Step 2501 Train Loss: 0.7411
Epoch 11 Step 3251 Train Loss: 0.7372
Epoch 11 Step 1601 Train Loss: 0.7550
Epoch 11 Step 2551 Train Loss: 0.7289
Epoch 11 Step 3301 Train Loss: 0.7360
Epoch 11 Step 1651 Train Loss: 0.7433
Epoch 11 Step 2601 Train Loss: 0.7465
Epoch 11 Step 1701 Train Loss: 0.7316
Epoch 11 Step 2651 Train Loss: 0.7223
Epoch 11 Step 1751 Train Loss: 0.7284
Epoch 11 Step 2701 Train Loss: 0.7345
Epoch 11 Step 1801 Train Loss: 0.7328
Epoch 11 Step 2751 Train Loss: 0.7355
Epoch 11 Step 1851 Train Loss: 0.7331
Epoch 11 Step 2801 Train Loss: 0.7248
Epoch 11 Step 1901 Train Loss: 0.7543
Epoch 11 Step 2851 Train Loss: 0.7421
Epoch 11 Step 1951 Train Loss: 0.7350
Epoch 11 Step 2901 Train Loss: 0.7435
Epoch 11 Step 2001 Train Loss: 0.7381
Epoch 11 Step 2951 Train Loss: 0.7331
Epoch 11 Step 2051 Train Loss: 0.7370
Epoch 11 Step 3001 Train Loss: 0.7295
Epoch 11 Step 2101 Train Loss: 0.7409
Epoch 11 Step 3051 Train Loss: 0.7400
Epoch 11 Step 2151 Train Loss: 0.7308
Epoch 11 Step 3101 Train Loss: 0.7320
Epoch 11 Step 2201 Train Loss: 0.7447
Epoch 11 Step 3151 Train Loss: 0.7387
Epoch 11 Step 2251 Train Loss: 0.7341
Epoch 11 Step 3201 Train Loss: 0.7375
Epoch 11 Step 2301 Train Loss: 0.7413
Epoch 11 Step 3251 Train Loss: 0.7333
Epoch 11 Step 2351 Train Loss: 0.7376
Epoch 11 Step 3301 Train Loss: 0.7387
Epoch 11 Step 2401 Train Loss: 0.7386
Epoch 11 Step 2451 Train Loss: 0.7420
Epoch 11 Step 2501 Train Loss: 0.7419
Epoch 11 Step 2551 Train Loss: 0.7319
Epoch 11 Step 2601 Train Loss: 0.7471
Epoch 11 Step 2651 Train Loss: 0.7266
Epoch 11 Step 2701 Train Loss: 0.7269
Epoch 11 Step 2751 Train Loss: 0.7361
Epoch 11 Step 2801 Train Loss: 0.7400
Epoch 11 Step 2851 Train Loss: 0.7411
Epoch 11 Step 2901 Train Loss: 0.7452
Epoch 11 Step 2951 Train Loss: 0.7337
Epoch 11 Step 3001 Train Loss: 0.7262
Epoch 11 Step 3051 Train Loss: 0.7370
Epoch 11 Step 3101 Train Loss: 0.7316
Epoch 11 Step 3151 Train Loss: 0.7356
Epoch 11 Step 3201 Train Loss: 0.7399
Epoch 11 Step 3251 Train Loss: 0.7394
Epoch 11 Step 3301 Train Loss: 0.7424
Epoch 11: Train Overall MSE: 0.0056 Validation Overall MSE: 0.0056. 
Train Top 20 DE MSE: 0.0763 Validation Top 20 DE MSE: 0.0762. 
Epoch 12 Step 1 Train Loss: 0.7361
Epoch 12 Step 51 Train Loss: 0.7336
Epoch 12 Step 101 Train Loss: 0.7354
Epoch 12 Step 151 Train Loss: 0.7396
Epoch 12 Step 201 Train Loss: 0.7420
Epoch 12 Step 251 Train Loss: 0.7435
Epoch 12 Step 301 Train Loss: 0.7522
Epoch 12 Step 351 Train Loss: 0.7470
Epoch 12 Step 401 Train Loss: 0.7440
Epoch 12 Step 451 Train Loss: 0.7388
Epoch 12 Step 501 Train Loss: 0.7380
Epoch 12 Step 551 Train Loss: 0.7225
Epoch 12 Step 601 Train Loss: 0.7414
Epoch 12 Step 651 Train Loss: 0.7442
Epoch 11: Train Overall MSE: 0.0055 Validation Overall MSE: 0.0055. 
Train Top 20 DE MSE: 0.0751 Validation Top 20 DE MSE: 0.0751. 
Epoch 12 Step 1 Train Loss: 0.7312
Epoch 12 Step 701 Train Loss: 0.7371
Epoch 12 Step 51 Train Loss: 0.7427
Epoch 12 Step 751 Train Loss: 0.7414
Epoch 12 Step 101 Train Loss: 0.7365
Epoch 12 Step 801 Train Loss: 0.7522
Epoch 12 Step 151 Train Loss: 0.7418
Epoch 12 Step 851 Train Loss: 0.7401
Epoch 12 Step 201 Train Loss: 0.7408
Epoch 12 Step 901 Train Loss: 0.7267
Epoch 12 Step 251 Train Loss: 0.7490
Epoch 12 Step 951 Train Loss: 0.7264
Epoch 12 Step 301 Train Loss: 0.7427
Epoch 12 Step 1001 Train Loss: 0.7382
Epoch 12 Step 351 Train Loss: 0.7455
Epoch 12 Step 1051 Train Loss: 0.7385
Epoch 12 Step 401 Train Loss: 0.7357
Epoch 12 Step 1101 Train Loss: 0.7304
Epoch 12 Step 451 Train Loss: 0.7372
Epoch 12 Step 1151 Train Loss: 0.7375
Epoch 12 Step 501 Train Loss: 0.7421
Epoch 12 Step 1201 Train Loss: 0.7401
Epoch 12 Step 551 Train Loss: 0.7315
Epoch 12 Step 1251 Train Loss: 0.7369
Epoch 12 Step 601 Train Loss: 0.7471
Epoch 12 Step 1301 Train Loss: 0.7337
Epoch 12 Step 651 Train Loss: 0.7427
Epoch 12 Step 1351 Train Loss: 0.7415
Epoch 12 Step 701 Train Loss: 0.7382
Epoch 12 Step 1401 Train Loss: 0.7338
Epoch 12 Step 751 Train Loss: 0.7438
Epoch 12 Step 1451 Train Loss: 0.7358
Epoch 12 Step 801 Train Loss: 0.7295
Epoch 12 Step 1501 Train Loss: 0.7466
Epoch 12 Step 851 Train Loss: 0.7363
Epoch 12 Step 1551 Train Loss: 0.7389
Epoch 12 Step 901 Train Loss: 0.7235
Epoch 12 Step 1601 Train Loss: 0.7386
Epoch 11: Train Overall MSE: 0.0056 Validation Overall MSE: 0.0056. 
Train Top 20 DE MSE: 0.0752 Validation Top 20 DE MSE: 0.0752. 
Epoch 12 Step 1 Train Loss: 0.7257
Epoch 12 Step 951 Train Loss: 0.7317
Epoch 12 Step 1651 Train Loss: 0.7353
Epoch 12 Step 51 Train Loss: 0.7408
Epoch 12 Step 1001 Train Loss: 0.7292
Epoch 12 Step 1701 Train Loss: 0.7339
Epoch 12 Step 101 Train Loss: 0.7373
Epoch 12 Step 1051 Train Loss: 0.7409
Epoch 12 Step 1751 Train Loss: 0.7363
Epoch 12 Step 151 Train Loss: 0.7448
Epoch 12 Step 1101 Train Loss: 0.7312
Epoch 12 Step 1801 Train Loss: 0.7315
Epoch 12 Step 201 Train Loss: 0.7394
Epoch 12 Step 1151 Train Loss: 0.7394
Epoch 12 Step 1851 Train Loss: 0.7380
Epoch 12 Step 251 Train Loss: 0.7499
Epoch 12 Step 1201 Train Loss: 0.7370
Epoch 12 Step 1901 Train Loss: 0.7362
Epoch 12 Step 301 Train Loss: 0.7390
Epoch 12 Step 1251 Train Loss: 0.7295
Epoch 12 Step 1951 Train Loss: 0.7393
Epoch 12 Step 351 Train Loss: 0.7414
Epoch 12 Step 1301 Train Loss: 0.7341
Epoch 12 Step 2001 Train Loss: 0.7352
Epoch 12 Step 401 Train Loss: 0.7302
Epoch 12 Step 1351 Train Loss: 0.7313
Epoch 12 Step 2051 Train Loss: 0.7469
Epoch 12 Step 451 Train Loss: 0.7392
Epoch 12 Step 1401 Train Loss: 0.7348
Epoch 12 Step 2101 Train Loss: 0.7418
Epoch 12 Step 501 Train Loss: 0.7434
Epoch 12 Step 1451 Train Loss: 0.7392
Epoch 12 Step 2151 Train Loss: 0.7362
Epoch 12 Step 551 Train Loss: 0.7331
Epoch 12 Step 1501 Train Loss: 0.7463
Epoch 12 Step 2201 Train Loss: 0.7445
Epoch 12 Step 601 Train Loss: 0.7433
Epoch 12 Step 1551 Train Loss: 0.7368
Epoch 12 Step 2251 Train Loss: 0.7432
Epoch 12 Step 651 Train Loss: 0.7474
Epoch 12 Step 1601 Train Loss: 0.7351
Epoch 12 Step 2301 Train Loss: 0.7300
Epoch 12 Step 701 Train Loss: 0.7279
Epoch 12 Step 1651 Train Loss: 0.7352
Epoch 12 Step 2351 Train Loss: 0.7438
Epoch 12 Step 751 Train Loss: 0.7462
Epoch 12 Step 1701 Train Loss: 0.7299
Epoch 12 Step 2401 Train Loss: 0.7429
Epoch 12 Step 801 Train Loss: 0.7224
Epoch 12 Step 1751 Train Loss: 0.7327
Epoch 12 Step 2451 Train Loss: 0.7338
Epoch 12 Step 851 Train Loss: 0.7505
Epoch 12 Step 1801 Train Loss: 0.7359
Epoch 12 Step 2501 Train Loss: 0.7314
Epoch 12 Step 901 Train Loss: 0.7324
Epoch 12 Step 1851 Train Loss: 0.7307
Epoch 12 Step 2551 Train Loss: 0.7380
Epoch 12 Step 951 Train Loss: 0.7328
Epoch 12 Step 1901 Train Loss: 0.7370
Epoch 12 Step 2601 Train Loss: 0.7410
Epoch 12 Step 1001 Train Loss: 0.7302
Epoch 12 Step 1951 Train Loss: 0.7343
Epoch 12 Step 2651 Train Loss: 0.7415
Epoch 12 Step 1051 Train Loss: 0.7405
Epoch 12 Step 2001 Train Loss: 0.7408
Epoch 12 Step 2701 Train Loss: 0.7471
Epoch 12 Step 1101 Train Loss: 0.7473
Epoch 12 Step 2051 Train Loss: 0.7470
Epoch 12 Step 2751 Train Loss: 0.7419
Epoch 12 Step 1151 Train Loss: 0.7344
Epoch 12 Step 2101 Train Loss: 0.7377
Epoch 12 Step 2801 Train Loss: 0.7253
Epoch 12 Step 1201 Train Loss: 0.7384
Epoch 12 Step 2151 Train Loss: 0.7313
Epoch 12 Step 2851 Train Loss: 0.7328
Epoch 12 Step 1251 Train Loss: 0.7432
Epoch 12 Step 2201 Train Loss: 0.7348
Epoch 12 Step 2901 Train Loss: 0.7262
Epoch 12 Step 1301 Train Loss: 0.7424
Epoch 12 Step 2251 Train Loss: 0.7431
Epoch 12 Step 2951 Train Loss: 0.7305
Epoch 12 Step 1351 Train Loss: 0.7232
Epoch 12 Step 2301 Train Loss: 0.7325
Epoch 12 Step 3001 Train Loss: 0.7286
Epoch 12 Step 1401 Train Loss: 0.7337
Epoch 12 Step 2351 Train Loss: 0.7427
Epoch 12 Step 3051 Train Loss: 0.7452
Epoch 12 Step 1451 Train Loss: 0.7435
Epoch 12 Step 2401 Train Loss: 0.7434
Epoch 12 Step 3101 Train Loss: 0.7432
Epoch 12 Step 1501 Train Loss: 0.7482
Epoch 12 Step 2451 Train Loss: 0.7321
Epoch 12 Step 3151 Train Loss: 0.7282
Epoch 12 Step 1551 Train Loss: 0.7322
Epoch 12 Step 2501 Train Loss: 0.7321
Epoch 12 Step 3201 Train Loss: 0.7497
Epoch 12 Step 1601 Train Loss: 0.7308
Epoch 12 Step 2551 Train Loss: 0.7374
Epoch 12 Step 3251 Train Loss: 0.7365
Epoch 12 Step 1651 Train Loss: 0.7365
Epoch 12 Step 2601 Train Loss: 0.7382
Epoch 12 Step 3301 Train Loss: 0.7387
Epoch 12 Step 1701 Train Loss: 0.7317
Epoch 12 Step 2651 Train Loss: 0.7515
Epoch 12 Step 1751 Train Loss: 0.7316
Epoch 12 Step 2701 Train Loss: 0.7435
Epoch 12 Step 1801 Train Loss: 0.7343
Epoch 12 Step 2751 Train Loss: 0.7465
Epoch 12 Step 1851 Train Loss: 0.7319
Epoch 12 Step 2801 Train Loss: 0.7275
Epoch 12 Step 1901 Train Loss: 0.7403
Epoch 12 Step 2851 Train Loss: 0.7325
Epoch 12 Step 1951 Train Loss: 0.7293
Epoch 12 Step 2901 Train Loss: 0.7294
Epoch 12 Step 2001 Train Loss: 0.7418
Epoch 12 Step 2951 Train Loss: 0.7298
Epoch 12 Step 2051 Train Loss: 0.7456
Epoch 12 Step 3001 Train Loss: 0.7332
Epoch 12 Step 2101 Train Loss: 0.7356
Epoch 12 Step 3051 Train Loss: 0.7355
Epoch 12 Step 2151 Train Loss: 0.7361
Epoch 12 Step 3101 Train Loss: 0.7392
Epoch 12 Step 2201 Train Loss: 0.7321
Epoch 12 Step 3151 Train Loss: 0.7228
Epoch 12 Step 2251 Train Loss: 0.7464
Epoch 12 Step 3201 Train Loss: 0.7495
Epoch 12 Step 2301 Train Loss: 0.7351
Epoch 12 Step 3251 Train Loss: 0.7343
Epoch 12 Step 2351 Train Loss: 0.7386
Epoch 12 Step 3301 Train Loss: 0.7458
Epoch 12 Step 2401 Train Loss: 0.7321
Epoch 12 Step 2451 Train Loss: 0.7273
Epoch 12 Step 2501 Train Loss: 0.7412
Epoch 12 Step 2551 Train Loss: 0.7474
Epoch 12 Step 2601 Train Loss: 0.7387
Epoch 12 Step 2651 Train Loss: 0.7431
Epoch 12 Step 2701 Train Loss: 0.7442
Epoch 12 Step 2751 Train Loss: 0.7479
Epoch 12 Step 2801 Train Loss: 0.7324
Epoch 12 Step 2851 Train Loss: 0.7321
Epoch 12 Step 2901 Train Loss: 0.7395
Epoch 12 Step 2951 Train Loss: 0.7333
Epoch 12 Step 3001 Train Loss: 0.7278
Epoch 12 Step 3051 Train Loss: 0.7345
Epoch 12 Step 3101 Train Loss: 0.7385
Epoch 12 Step 3151 Train Loss: 0.7322
Epoch 12 Step 3201 Train Loss: 0.7520
Epoch 12 Step 3251 Train Loss: 0.7358
Epoch 12 Step 3301 Train Loss: 0.7480
Epoch 12: Train Overall MSE: 0.0056 Validation Overall MSE: 0.0056. 
Train Top 20 DE MSE: 0.0760 Validation Top 20 DE MSE: 0.0760. 
Epoch 13 Step 1 Train Loss: 0.7379
Epoch 13 Step 51 Train Loss: 0.7385
Epoch 13 Step 101 Train Loss: 0.7439
Epoch 13 Step 151 Train Loss: 0.7302
Epoch 13 Step 201 Train Loss: 0.7399
Epoch 13 Step 251 Train Loss: 0.7363
Epoch 13 Step 301 Train Loss: 0.7401
Epoch 13 Step 351 Train Loss: 0.7357
Epoch 13 Step 401 Train Loss: 0.7454
Epoch 13 Step 451 Train Loss: 0.7280
Epoch 13 Step 501 Train Loss: 0.7398
Epoch 13 Step 551 Train Loss: 0.7396
Epoch 13 Step 601 Train Loss: 0.7267
Epoch 13 Step 651 Train Loss: 0.7355
Epoch 13 Step 701 Train Loss: 0.7446
Epoch 12: Train Overall MSE: 0.0055 Validation Overall MSE: 0.0055. 
Train Top 20 DE MSE: 0.0742 Validation Top 20 DE MSE: 0.0742. 
Epoch 13 Step 1 Train Loss: 0.7334
Epoch 13 Step 751 Train Loss: 0.7267
Epoch 13 Step 51 Train Loss: 0.7341
Epoch 13 Step 801 Train Loss: 0.7335
Epoch 13 Step 851 Train Loss: 0.7454
Epoch 13 Step 101 Train Loss: 0.7394
Epoch 13 Step 901 Train Loss: 0.7414
Epoch 13 Step 151 Train Loss: 0.7337
Epoch 13 Step 951 Train Loss: 0.7418
Epoch 13 Step 201 Train Loss: 0.7342
Epoch 13 Step 1001 Train Loss: 0.7403
Epoch 13 Step 251 Train Loss: 0.7381
Epoch 13 Step 1051 Train Loss: 0.7400
Epoch 13 Step 301 Train Loss: 0.7428
Epoch 13 Step 1101 Train Loss: 0.7376
Epoch 13 Step 351 Train Loss: 0.7407
Epoch 13 Step 1151 Train Loss: 0.7405
Epoch 13 Step 401 Train Loss: 0.7389
Epoch 13 Step 1201 Train Loss: 0.7352
Epoch 13 Step 451 Train Loss: 0.7329
Epoch 13 Step 1251 Train Loss: 0.7298
Epoch 13 Step 501 Train Loss: 0.7389
Epoch 13 Step 1301 Train Loss: 0.7435
Epoch 13 Step 551 Train Loss: 0.7298
Epoch 13 Step 1351 Train Loss: 0.7339
Epoch 13 Step 601 Train Loss: 0.7301
Epoch 13 Step 1401 Train Loss: 0.7338
Epoch 13 Step 651 Train Loss: 0.7290
Epoch 13 Step 1451 Train Loss: 0.7416
Epoch 13 Step 701 Train Loss: 0.7448
Epoch 13 Step 1501 Train Loss: 0.7240
Epoch 13 Step 751 Train Loss: 0.7265
Epoch 13 Step 1551 Train Loss: 0.7485
Epoch 13 Step 801 Train Loss: 0.7361
Epoch 13 Step 1601 Train Loss: 0.7506
Epoch 13 Step 851 Train Loss: 0.7415
Epoch 12: Train Overall MSE: 0.0056 Validation Overall MSE: 0.0056. 
Train Top 20 DE MSE: 0.0749 Validation Top 20 DE MSE: 0.0749. 
Epoch 13 Step 1 Train Loss: 0.7325
Epoch 13 Step 1651 Train Loss: 0.7456
Epoch 13 Step 901 Train Loss: 0.7412
Epoch 13 Step 51 Train Loss: 0.7256
Epoch 13 Step 1701 Train Loss: 0.7315
Epoch 13 Step 951 Train Loss: 0.7452
Epoch 13 Step 101 Train Loss: 0.7420
Epoch 13 Step 1751 Train Loss: 0.7389
Epoch 13 Step 1001 Train Loss: 0.7385
Epoch 13 Step 151 Train Loss: 0.7365
Epoch 13 Step 1801 Train Loss: 0.7434
Epoch 13 Step 1051 Train Loss: 0.7441
Epoch 13 Step 201 Train Loss: 0.7413
Epoch 13 Step 1851 Train Loss: 0.7399
Epoch 13 Step 1101 Train Loss: 0.7416
Epoch 13 Step 251 Train Loss: 0.7412
Epoch 13 Step 1901 Train Loss: 0.7355
Epoch 13 Step 1151 Train Loss: 0.7451
Epoch 13 Step 301 Train Loss: 0.7414
Epoch 13 Step 1951 Train Loss: 0.7441
Epoch 13 Step 1201 Train Loss: 0.7351
Epoch 13 Step 351 Train Loss: 0.7358
Epoch 13 Step 2001 Train Loss: 0.7443
Epoch 13 Step 1251 Train Loss: 0.7385
Epoch 13 Step 401 Train Loss: 0.7281
Epoch 13 Step 2051 Train Loss: 0.7199
Epoch 13 Step 1301 Train Loss: 0.7445
Epoch 13 Step 451 Train Loss: 0.7369
Epoch 13 Step 2101 Train Loss: 0.7421
Epoch 13 Step 1351 Train Loss: 0.7291
Epoch 13 Step 501 Train Loss: 0.7452
Epoch 13 Step 2151 Train Loss: 0.7465
Epoch 13 Step 1401 Train Loss: 0.7282
Epoch 13 Step 551 Train Loss: 0.7284
Epoch 13 Step 2201 Train Loss: 0.7397
Epoch 13 Step 1451 Train Loss: 0.7397
Epoch 13 Step 601 Train Loss: 0.7378
Epoch 13 Step 2251 Train Loss: 0.7277
Epoch 13 Step 1501 Train Loss: 0.7297
Epoch 13 Step 651 Train Loss: 0.7250
Epoch 13 Step 2301 Train Loss: 0.7312
Epoch 13 Step 1551 Train Loss: 0.7422
Epoch 13 Step 701 Train Loss: 0.7412
Epoch 13 Step 2351 Train Loss: 0.7332
Epoch 13 Step 1601 Train Loss: 0.7471
Epoch 13 Step 751 Train Loss: 0.7211
Epoch 13 Step 2401 Train Loss: 0.7467
Epoch 13 Step 1651 Train Loss: 0.7351
Epoch 13 Step 801 Train Loss: 0.7346
Epoch 13 Step 2451 Train Loss: 0.7320
Epoch 13 Step 1701 Train Loss: 0.7285
Epoch 13 Step 851 Train Loss: 0.7420
Epoch 13 Step 2501 Train Loss: 0.7421
Epoch 13 Step 1751 Train Loss: 0.7366
Epoch 13 Step 901 Train Loss: 0.7309
Epoch 13 Step 2551 Train Loss: 0.7477
Epoch 13 Step 1801 Train Loss: 0.7386
Epoch 13 Step 951 Train Loss: 0.7432
Epoch 13 Step 2601 Train Loss: 0.7387
Epoch 13 Step 1851 Train Loss: 0.7360
Epoch 13 Step 1001 Train Loss: 0.7351
Epoch 13 Step 2651 Train Loss: 0.7310
Epoch 13 Step 1901 Train Loss: 0.7361
Epoch 13 Step 1051 Train Loss: 0.7490
Epoch 13 Step 2701 Train Loss: 0.7541
Epoch 13 Step 1951 Train Loss: 0.7468
Epoch 13 Step 1101 Train Loss: 0.7376
Epoch 13 Step 2751 Train Loss: 0.7317
Epoch 13 Step 2001 Train Loss: 0.7390
Epoch 13 Step 1151 Train Loss: 0.7377
Epoch 13 Step 2801 Train Loss: 0.7359
Epoch 13 Step 2051 Train Loss: 0.7291
Epoch 13 Step 1201 Train Loss: 0.7345
Epoch 13 Step 2851 Train Loss: 0.7445
Epoch 13 Step 2101 Train Loss: 0.7498
Epoch 13 Step 1251 Train Loss: 0.7399
Epoch 13 Step 2901 Train Loss: 0.7327
Epoch 13 Step 2151 Train Loss: 0.7368
Epoch 13 Step 1301 Train Loss: 0.7343
Epoch 13 Step 2951 Train Loss: 0.7472
Epoch 13 Step 2201 Train Loss: 0.7416
Epoch 13 Step 1351 Train Loss: 0.7327
Epoch 13 Step 3001 Train Loss: 0.7403
Epoch 13 Step 2251 Train Loss: 0.7328
Epoch 13 Step 1401 Train Loss: 0.7264
Epoch 13 Step 3051 Train Loss: 0.7386
Epoch 13 Step 2301 Train Loss: 0.7325
Epoch 13 Step 1451 Train Loss: 0.7355
Epoch 13 Step 3101 Train Loss: 0.7305
Epoch 13 Step 2351 Train Loss: 0.7241
Epoch 13 Step 1501 Train Loss: 0.7368
Epoch 13 Step 3151 Train Loss: 0.7272
Epoch 13 Step 2401 Train Loss: 0.7430
Epoch 13 Step 1551 Train Loss: 0.7354
Epoch 13 Step 3201 Train Loss: 0.7356
Epoch 13 Step 2451 Train Loss: 0.7347
Epoch 13 Step 1601 Train Loss: 0.7449
Epoch 13 Step 3251 Train Loss: 0.7491
Epoch 13 Step 2501 Train Loss: 0.7287
Epoch 13 Step 1651 Train Loss: 0.7339
Epoch 13 Step 3301 Train Loss: 0.7428
Epoch 13 Step 2551 Train Loss: 0.7420
Epoch 13 Step 1701 Train Loss: 0.7296
Epoch 13 Step 2601 Train Loss: 0.7383
Epoch 13 Step 1751 Train Loss: 0.7302
Epoch 13 Step 2651 Train Loss: 0.7271
Epoch 13 Step 1801 Train Loss: 0.7391
Epoch 13 Step 2701 Train Loss: 0.7499
Epoch 13 Step 1851 Train Loss: 0.7388
Epoch 13 Step 2751 Train Loss: 0.7346
Epoch 13 Step 1901 Train Loss: 0.7411
Epoch 13 Step 2801 Train Loss: 0.7423
Epoch 13 Step 1951 Train Loss: 0.7398
Epoch 13 Step 2851 Train Loss: 0.7387
Epoch 13 Step 2001 Train Loss: 0.7376
Epoch 13 Step 2901 Train Loss: 0.7362
Epoch 13 Step 2051 Train Loss: 0.7297
Epoch 13 Step 2951 Train Loss: 0.7459
Epoch 13 Step 2101 Train Loss: 0.7529
Epoch 13 Step 3001 Train Loss: 0.7394
Epoch 13 Step 2151 Train Loss: 0.7351
Epoch 13 Step 3051 Train Loss: 0.7411
Epoch 13 Step 2201 Train Loss: 0.7343
Epoch 13 Step 3101 Train Loss: 0.7288
Epoch 13 Step 2251 Train Loss: 0.7330
Epoch 13 Step 3151 Train Loss: 0.7323
Epoch 13 Step 2301 Train Loss: 0.7332
Epoch 13 Step 3201 Train Loss: 0.7408
Epoch 13 Step 2351 Train Loss: 0.7267
Epoch 13 Step 3251 Train Loss: 0.7460
Epoch 13 Step 2401 Train Loss: 0.7401
Epoch 13 Step 3301 Train Loss: 0.7420
Epoch 13 Step 2451 Train Loss: 0.7417
Epoch 13 Step 2501 Train Loss: 0.7305
Epoch 13 Step 2551 Train Loss: 0.7431
Epoch 13 Step 2601 Train Loss: 0.7395
Epoch 13 Step 2651 Train Loss: 0.7266
Epoch 13 Step 2701 Train Loss: 0.7476
Epoch 13 Step 2751 Train Loss: 0.7367
Epoch 13 Step 2801 Train Loss: 0.7442
Epoch 13 Step 2851 Train Loss: 0.7320
Epoch 13 Step 2901 Train Loss: 0.7402
Epoch 13 Step 2951 Train Loss: 0.7384
Epoch 13 Step 3001 Train Loss: 0.7423
Epoch 13 Step 3051 Train Loss: 0.7400
Epoch 13 Step 3101 Train Loss: 0.7332
Epoch 13 Step 3151 Train Loss: 0.7314
Epoch 13 Step 3201 Train Loss: 0.7415
Epoch 13 Step 3251 Train Loss: 0.7360
Epoch 13 Step 3301 Train Loss: 0.7424
Epoch 13: Train Overall MSE: 0.0056 Validation Overall MSE: 0.0056. 
Train Top 20 DE MSE: 0.0769 Validation Top 20 DE MSE: 0.0769. 
Epoch 14 Step 1 Train Loss: 0.7365
Epoch 14 Step 51 Train Loss: 0.7434
Epoch 14 Step 101 Train Loss: 0.7276
Epoch 14 Step 151 Train Loss: 0.7316
Epoch 14 Step 201 Train Loss: 0.7411
Epoch 14 Step 251 Train Loss: 0.7294
Epoch 14 Step 301 Train Loss: 0.7493
Epoch 14 Step 351 Train Loss: 0.7392
Epoch 14 Step 401 Train Loss: 0.7343
Epoch 14 Step 451 Train Loss: 0.7346
Epoch 14 Step 501 Train Loss: 0.7322
Epoch 14 Step 551 Train Loss: 0.7403
Epoch 14 Step 601 Train Loss: 0.7330
Epoch 14 Step 651 Train Loss: 0.7437
Epoch 14 Step 701 Train Loss: 0.7503
Epoch 14 Step 751 Train Loss: 0.7366
Epoch 14 Step 801 Train Loss: 0.7369
Epoch 13: Train Overall MSE: 0.0055 Validation Overall MSE: 0.0055. 
Train Top 20 DE MSE: 0.0747 Validation Top 20 DE MSE: 0.0747. 
Epoch 14 Step 1 Train Loss: 0.7386
Epoch 14 Step 851 Train Loss: 0.7445
Epoch 14 Step 51 Train Loss: 0.7456
Epoch 14 Step 901 Train Loss: 0.7256
Epoch 14 Step 101 Train Loss: 0.7219
Epoch 14 Step 951 Train Loss: 0.7292
Epoch 14 Step 151 Train Loss: 0.7392
Epoch 14 Step 1001 Train Loss: 0.7505
Epoch 14 Step 201 Train Loss: 0.7430
Epoch 14 Step 1051 Train Loss: 0.7404
Epoch 14 Step 251 Train Loss: 0.7342
Epoch 14 Step 1101 Train Loss: 0.7447
Epoch 14 Step 301 Train Loss: 0.7425
Epoch 14 Step 1151 Train Loss: 0.7367
Epoch 14 Step 351 Train Loss: 0.7337
Epoch 14 Step 1201 Train Loss: 0.7383
Epoch 14 Step 401 Train Loss: 0.7335
Epoch 14 Step 1251 Train Loss: 0.7424
Epoch 14 Step 451 Train Loss: 0.7377
Epoch 14 Step 1301 Train Loss: 0.7313
Epoch 14 Step 501 Train Loss: 0.7338
Epoch 14 Step 1351 Train Loss: 0.7392
Epoch 14 Step 551 Train Loss: 0.7321
Epoch 14 Step 1401 Train Loss: 0.7378
Epoch 14 Step 601 Train Loss: 0.7298
Epoch 14 Step 1451 Train Loss: 0.7462
Epoch 14 Step 651 Train Loss: 0.7324
Epoch 14 Step 1501 Train Loss: 0.7330
Epoch 14 Step 701 Train Loss: 0.7344
Epoch 14 Step 1551 Train Loss: 0.7592
Epoch 14 Step 751 Train Loss: 0.7391
Epoch 14 Step 1601 Train Loss: 0.7400
Epoch 14 Step 801 Train Loss: 0.7379
Epoch 14 Step 1651 Train Loss: 0.7473
Epoch 13: Train Overall MSE: 0.0056 Validation Overall MSE: 0.0056. 
Train Top 20 DE MSE: 0.0748 Validation Top 20 DE MSE: 0.0748. 
Epoch 14 Step 1 Train Loss: 0.7350
Epoch 14 Step 851 Train Loss: 0.7402
Epoch 14 Step 51 Train Loss: 0.7435
Epoch 14 Step 1701 Train Loss: 0.7384
Epoch 14 Step 901 Train Loss: 0.7344
Epoch 14 Step 101 Train Loss: 0.7253
Epoch 14 Step 1751 Train Loss: 0.7362
Epoch 14 Step 951 Train Loss: 0.7393
Epoch 14 Step 151 Train Loss: 0.7310
Epoch 14 Step 1801 Train Loss: 0.7407
Epoch 14 Step 1001 Train Loss: 0.7443
Epoch 14 Step 201 Train Loss: 0.7413
Epoch 14 Step 1851 Train Loss: 0.7289
Epoch 14 Step 1051 Train Loss: 0.7375
Epoch 14 Step 251 Train Loss: 0.7437
Epoch 14 Step 1901 Train Loss: 0.7329
Epoch 14 Step 1101 Train Loss: 0.7445
Epoch 14 Step 301 Train Loss: 0.7457
Epoch 14 Step 1951 Train Loss: 0.7420
Epoch 14 Step 1151 Train Loss: 0.7350
Epoch 14 Step 351 Train Loss: 0.7335
Epoch 14 Step 2001 Train Loss: 0.7424
Epoch 14 Step 1201 Train Loss: 0.7422
Epoch 14 Step 401 Train Loss: 0.7327
Epoch 14 Step 2051 Train Loss: 0.7421
Epoch 14 Step 1251 Train Loss: 0.7419
Epoch 14 Step 451 Train Loss: 0.7392
Epoch 14 Step 2101 Train Loss: 0.7386
Epoch 14 Step 1301 Train Loss: 0.7330
Epoch 14 Step 501 Train Loss: 0.7350
Epoch 14 Step 2151 Train Loss: 0.7401
Epoch 14 Step 1351 Train Loss: 0.7401
Epoch 14 Step 551 Train Loss: 0.7307
Epoch 14 Step 2201 Train Loss: 0.7382
Epoch 14 Step 1401 Train Loss: 0.7394
Epoch 14 Step 601 Train Loss: 0.7279
Epoch 14 Step 2251 Train Loss: 0.7394
Epoch 14 Step 1451 Train Loss: 0.7499
Epoch 14 Step 651 Train Loss: 0.7289
Epoch 14 Step 2301 Train Loss: 0.7284
Epoch 14 Step 1501 Train Loss: 0.7343
Epoch 14 Step 701 Train Loss: 0.7323
Epoch 14 Step 2351 Train Loss: 0.7398
Epoch 14 Step 1551 Train Loss: 0.7539
Epoch 14 Step 751 Train Loss: 0.7348
Epoch 14 Step 2401 Train Loss: 0.7355
Epoch 14 Step 1601 Train Loss: 0.7424
Epoch 14 Step 801 Train Loss: 0.7365
Epoch 14 Step 2451 Train Loss: 0.7425
Epoch 14 Step 1651 Train Loss: 0.7466
Epoch 14 Step 851 Train Loss: 0.7405
Epoch 14 Step 2501 Train Loss: 0.7366
Epoch 14 Step 1701 Train Loss: 0.7391
Epoch 14 Step 901 Train Loss: 0.7335
Epoch 14 Step 2551 Train Loss: 0.7186
Epoch 14 Step 1751 Train Loss: 0.7357
Epoch 14 Step 951 Train Loss: 0.7360
Epoch 14 Step 2601 Train Loss: 0.7379
Epoch 14 Step 1801 Train Loss: 0.7344
Epoch 14 Step 1001 Train Loss: 0.7468
Epoch 14 Step 2651 Train Loss: 0.7435
Epoch 14 Step 1851 Train Loss: 0.7318
Epoch 14 Step 1051 Train Loss: 0.7360
Epoch 14 Step 2701 Train Loss: 0.7562
Epoch 14 Step 1901 Train Loss: 0.7253
Epoch 14 Step 1101 Train Loss: 0.7434
Epoch 14 Step 2751 Train Loss: 0.7342
Epoch 14 Step 1951 Train Loss: 0.7328
Epoch 14 Step 1151 Train Loss: 0.7328
Epoch 14 Step 2801 Train Loss: 0.7322
Epoch 14 Step 2001 Train Loss: 0.7456
Epoch 14 Step 1201 Train Loss: 0.7313
Epoch 14 Step 2851 Train Loss: 0.7267
Epoch 14 Step 2051 Train Loss: 0.7372
Epoch 14 Step 1251 Train Loss: 0.7333
Epoch 14 Step 2901 Train Loss: 0.7433
Epoch 14 Step 2101 Train Loss: 0.7463
Epoch 14 Step 1301 Train Loss: 0.7359
Epoch 14 Step 2951 Train Loss: 0.7413
Epoch 14 Step 2151 Train Loss: 0.7400
Epoch 14 Step 1351 Train Loss: 0.7418
Epoch 14 Step 3001 Train Loss: 0.7322
Epoch 14 Step 2201 Train Loss: 0.7388
Epoch 14 Step 1401 Train Loss: 0.7442
Epoch 14 Step 3051 Train Loss: 0.7424
Epoch 14 Step 2251 Train Loss: 0.7296
Epoch 14 Step 1451 Train Loss: 0.7424
Epoch 14 Step 3101 Train Loss: 0.7365
Epoch 14 Step 2301 Train Loss: 0.7367
Epoch 14 Step 1501 Train Loss: 0.7348
Epoch 14 Step 3151 Train Loss: 0.7452
Epoch 14 Step 2351 Train Loss: 0.7459
Epoch 14 Step 1551 Train Loss: 0.7458
Epoch 14 Step 3201 Train Loss: 0.7402
Epoch 14 Step 2401 Train Loss: 0.7331
Epoch 14 Step 1601 Train Loss: 0.7412
Epoch 14 Step 3251 Train Loss: 0.7404
Epoch 14 Step 2451 Train Loss: 0.7366
Epoch 14 Step 1651 Train Loss: 0.7414
Epoch 14 Step 3301 Train Loss: 0.7393
Epoch 14 Step 2501 Train Loss: 0.7278
Epoch 14 Step 1701 Train Loss: 0.7374
Epoch 14 Step 2551 Train Loss: 0.7163
Epoch 14 Step 1751 Train Loss: 0.7314
Epoch 14 Step 2601 Train Loss: 0.7399
Epoch 14 Step 1801 Train Loss: 0.7398
Epoch 14 Step 2651 Train Loss: 0.7393
Epoch 14 Step 1851 Train Loss: 0.7322
Epoch 14 Step 2701 Train Loss: 0.7578
Epoch 14 Step 1901 Train Loss: 0.7255
Epoch 14 Step 2751 Train Loss: 0.7371
Epoch 14 Step 1951 Train Loss: 0.7268
Epoch 14 Step 2801 Train Loss: 0.7292
Epoch 14 Step 2001 Train Loss: 0.7399
Epoch 14 Step 2851 Train Loss: 0.7244
Epoch 14 Step 2051 Train Loss: 0.7384
Epoch 14 Step 2901 Train Loss: 0.7440
Epoch 14 Step 2101 Train Loss: 0.7519
Epoch 14 Step 2951 Train Loss: 0.7443
Epoch 14 Step 2151 Train Loss: 0.7487
Epoch 14 Step 3001 Train Loss: 0.7348
Epoch 14 Step 2201 Train Loss: 0.7412
Epoch 14 Step 3051 Train Loss: 0.7459
Epoch 14 Step 2251 Train Loss: 0.7410
Epoch 14 Step 3101 Train Loss: 0.7379
Epoch 14 Step 2301 Train Loss: 0.7366
Epoch 14 Step 3151 Train Loss: 0.7408
Epoch 14 Step 2351 Train Loss: 0.7453
Epoch 14 Step 3201 Train Loss: 0.7326
Epoch 14 Step 2401 Train Loss: 0.7309
Epoch 14 Step 3251 Train Loss: 0.7416
Epoch 14 Step 2451 Train Loss: 0.7432
Epoch 14 Step 3301 Train Loss: 0.7365
Epoch 14 Step 2501 Train Loss: 0.7326
Epoch 14 Step 2551 Train Loss: 0.7235
Epoch 14 Step 2601 Train Loss: 0.7382
Epoch 14 Step 2651 Train Loss: 0.7352
Epoch 14 Step 2701 Train Loss: 0.7529
Epoch 14 Step 2751 Train Loss: 0.7318
Epoch 14 Step 2801 Train Loss: 0.7223
Epoch 14 Step 2851 Train Loss: 0.7364
Epoch 14 Step 2901 Train Loss: 0.7425
Epoch 14 Step 2951 Train Loss: 0.7409
Epoch 14 Step 3001 Train Loss: 0.7363
Epoch 14 Step 3051 Train Loss: 0.7390
Epoch 14 Step 3101 Train Loss: 0.7337
Epoch 14 Step 3151 Train Loss: 0.7436
Epoch 14 Step 3201 Train Loss: 0.7270
Epoch 14 Step 3251 Train Loss: 0.7362
Epoch 14 Step 3301 Train Loss: 0.7331
Epoch 14: Train Overall MSE: 0.0056 Validation Overall MSE: 0.0056. 
Train Top 20 DE MSE: 0.0766 Validation Top 20 DE MSE: 0.0766. 
Epoch 15 Step 1 Train Loss: 0.7429
Epoch 15 Step 51 Train Loss: 0.7302
Epoch 15 Step 101 Train Loss: 0.7425
Epoch 15 Step 151 Train Loss: 0.7526
Epoch 15 Step 201 Train Loss: 0.7386
Epoch 15 Step 251 Train Loss: 0.7455
Epoch 15 Step 301 Train Loss: 0.7371
Epoch 15 Step 351 Train Loss: 0.7435
Epoch 15 Step 401 Train Loss: 0.7392
Epoch 15 Step 451 Train Loss: 0.7361
Epoch 15 Step 501 Train Loss: 0.7362
Epoch 15 Step 551 Train Loss: 0.7404
Epoch 15 Step 601 Train Loss: 0.7455
Epoch 15 Step 651 Train Loss: 0.7455
Epoch 15 Step 701 Train Loss: 0.7365
Epoch 15 Step 751 Train Loss: 0.7543
Epoch 15 Step 801 Train Loss: 0.7387
Epoch 14: Train Overall MSE: 0.0055 Validation Overall MSE: 0.0055. 
Train Top 20 DE MSE: 0.0749 Validation Top 20 DE MSE: 0.0749. 
Epoch 15 Step 1 Train Loss: 0.7378
Epoch 15 Step 851 Train Loss: 0.7437
Epoch 15 Step 51 Train Loss: 0.7337
Epoch 15 Step 901 Train Loss: 0.7390
Epoch 15 Step 101 Train Loss: 0.7462
Epoch 15 Step 951 Train Loss: 0.7455
Epoch 15 Step 151 Train Loss: 0.7475
Epoch 15 Step 1001 Train Loss: 0.7466
Epoch 15 Step 201 Train Loss: 0.7357
Epoch 15 Step 1051 Train Loss: 0.7461
Epoch 15 Step 251 Train Loss: 0.7411
Epoch 15 Step 1101 Train Loss: 0.7402
Epoch 15 Step 301 Train Loss: 0.7307
Epoch 15 Step 1151 Train Loss: 0.7414
Epoch 15 Step 351 Train Loss: 0.7314
Epoch 15 Step 1201 Train Loss: 0.7400
Epoch 15 Step 401 Train Loss: 0.7349
Epoch 15 Step 1251 Train Loss: 0.7384
Epoch 15 Step 451 Train Loss: 0.7334
Epoch 15 Step 1301 Train Loss: 0.7494
Epoch 15 Step 501 Train Loss: 0.7391
Epoch 15 Step 1351 Train Loss: 0.7361
Epoch 15 Step 551 Train Loss: 0.7455
Epoch 15 Step 1401 Train Loss: 0.7169
Epoch 15 Step 601 Train Loss: 0.7451
Epoch 15 Step 1451 Train Loss: 0.7434
Epoch 15 Step 651 Train Loss: 0.7467
Epoch 15 Step 1501 Train Loss: 0.7467
Epoch 15 Step 701 Train Loss: 0.7370
Epoch 15 Step 1551 Train Loss: 0.7367
Epoch 15 Step 751 Train Loss: 0.7456
Epoch 15 Step 1601 Train Loss: 0.7343
Epoch 15 Step 801 Train Loss: 0.7359
Epoch 15 Step 1651 Train Loss: 0.7367
Epoch 15 Step 851 Train Loss: 0.7394
Epoch 14: Train Overall MSE: 0.0056 Validation Overall MSE: 0.0056. 
Train Top 20 DE MSE: 0.0750 Validation Top 20 DE MSE: 0.0750. 
Epoch 15 Step 1 Train Loss: 0.7417
Epoch 15 Step 1701 Train Loss: 0.7346
Epoch 15 Step 901 Train Loss: 0.7272
Epoch 15 Step 51 Train Loss: 0.7354
Epoch 15 Step 1751 Train Loss: 0.7361
Epoch 15 Step 951 Train Loss: 0.7385
Epoch 15 Step 101 Train Loss: 0.7433
Epoch 15 Step 1801 Train Loss: 0.7494
Epoch 15 Step 151 Train Loss: 0.7454
Epoch 15 Step 1001 Train Loss: 0.7424
Epoch 15 Step 1851 Train Loss: 0.7361
Epoch 15 Step 1051 Train Loss: 0.7443
Epoch 15 Step 201 Train Loss: 0.7390
Epoch 15 Step 1901 Train Loss: 0.7325
Epoch 15 Step 1101 Train Loss: 0.7433
Epoch 15 Step 251 Train Loss: 0.7404
Epoch 15 Step 1951 Train Loss: 0.7394
Epoch 15 Step 1151 Train Loss: 0.7420
Epoch 15 Step 301 Train Loss: 0.7330
Epoch 15 Step 2001 Train Loss: 0.7238
Epoch 15 Step 1201 Train Loss: 0.7463
Epoch 15 Step 351 Train Loss: 0.7315
Epoch 15 Step 2051 Train Loss: 0.7283
Epoch 15 Step 1251 Train Loss: 0.7377
Epoch 15 Step 401 Train Loss: 0.7346
Epoch 15 Step 2101 Train Loss: 0.7344
Epoch 15 Step 451 Train Loss: 0.7342
Epoch 15 Step 1301 Train Loss: 0.7478
Epoch 15 Step 2151 Train Loss: 0.7505
Epoch 15 Step 501 Train Loss: 0.7294
Epoch 15 Step 1351 Train Loss: 0.7395
Epoch 15 Step 2201 Train Loss: 0.7311
Epoch 15 Step 551 Train Loss: 0.7404
Epoch 15 Step 1401 Train Loss: 0.7175
Epoch 15 Step 2251 Train Loss: 0.7405
Epoch 15 Step 601 Train Loss: 0.7396
Epoch 15 Step 1451 Train Loss: 0.7456
Epoch 15 Step 2301 Train Loss: 0.7390
Epoch 15 Step 1501 Train Loss: 0.7417
Epoch 15 Step 651 Train Loss: 0.7517
Epoch 15 Step 2351 Train Loss: 0.7382
Epoch 15 Step 1551 Train Loss: 0.7341
Epoch 15 Step 701 Train Loss: 0.7410
Epoch 15 Step 2401 Train Loss: 0.7478
Epoch 15 Step 1601 Train Loss: 0.7345
Epoch 15 Step 751 Train Loss: 0.7450
Epoch 15 Step 2451 Train Loss: 0.7373
Epoch 15 Step 1651 Train Loss: 0.7345
Epoch 15 Step 801 Train Loss: 0.7370
Epoch 15 Step 2501 Train Loss: 0.7294
Epoch 15 Step 1701 Train Loss: 0.7311
Epoch 15 Step 851 Train Loss: 0.7380
Epoch 15 Step 2551 Train Loss: 0.7379
Epoch 15 Step 1751 Train Loss: 0.7399
Epoch 15 Step 901 Train Loss: 0.7327
Epoch 15 Step 2601 Train Loss: 0.7320
Epoch 15 Step 1801 Train Loss: 0.7458
Epoch 15 Step 951 Train Loss: 0.7456
Epoch 15 Step 2651 Train Loss: 0.7421
Epoch 15 Step 1001 Train Loss: 0.7460
Epoch 15 Step 1851 Train Loss: 0.7348
Epoch 15 Step 2701 Train Loss: 0.7441
Epoch 15 Step 1051 Train Loss: 0.7341
Epoch 15 Step 1901 Train Loss: 0.7356
Epoch 15 Step 2751 Train Loss: 0.7412
Epoch 15 Step 1101 Train Loss: 0.7424
Epoch 15 Step 1951 Train Loss: 0.7390
Epoch 15 Step 2801 Train Loss: 0.7469
Epoch 15 Step 1151 Train Loss: 0.7382
Epoch 15 Step 2001 Train Loss: 0.7209
Epoch 15 Step 2851 Train Loss: 0.7300
Epoch 15 Step 1201 Train Loss: 0.7377
Epoch 15 Step 2051 Train Loss: 0.7244
Epoch 15 Step 2901 Train Loss: 0.7294
Epoch 15 Step 2101 Train Loss: 0.7307
Epoch 15 Step 1251 Train Loss: 0.7299
Epoch 15 Step 2951 Train Loss: 0.7384
Epoch 15 Step 1301 Train Loss: 0.7442
Epoch 15 Step 2151 Train Loss: 0.7481
Epoch 15 Step 3001 Train Loss: 0.7401
Epoch 15 Step 1351 Train Loss: 0.7371
Epoch 15 Step 2201 Train Loss: 0.7390
Epoch 15 Step 3051 Train Loss: 0.7371
Epoch 15 Step 1401 Train Loss: 0.7224
Epoch 15 Step 2251 Train Loss: 0.7405
Epoch 15 Step 3101 Train Loss: 0.7392
Epoch 15 Step 2301 Train Loss: 0.7358
Epoch 15 Step 1451 Train Loss: 0.7460
Epoch 15 Step 3151 Train Loss: 0.7165
Epoch 15 Step 2351 Train Loss: 0.7382
Epoch 15 Step 1501 Train Loss: 0.7455
Epoch 15 Step 3201 Train Loss: 0.7325
Epoch 15 Step 2401 Train Loss: 0.7425
Epoch 15 Step 1551 Train Loss: 0.7338
Epoch 15 Step 3251 Train Loss: 0.7388
Epoch 15 Step 2451 Train Loss: 0.7417
Epoch 15 Step 1601 Train Loss: 0.7352
Epoch 15 Step 3301 Train Loss: 0.7347
Epoch 15 Step 2501 Train Loss: 0.7230
Epoch 15 Step 1651 Train Loss: 0.7321
Epoch 15 Step 1701 Train Loss: 0.7359
Epoch 15 Step 2551 Train Loss: 0.7354
Epoch 15 Step 1751 Train Loss: 0.7370
Epoch 15 Step 2601 Train Loss: 0.7365
Epoch 15 Step 1801 Train Loss: 0.7428
Epoch 15 Step 2651 Train Loss: 0.7440
Epoch 15 Step 1851 Train Loss: 0.7297
Epoch 15 Step 2701 Train Loss: 0.7495
Epoch 15 Step 2751 Train Loss: 0.7344
Epoch 15 Step 1901 Train Loss: 0.7366
Epoch 15 Step 2801 Train Loss: 0.7429
Epoch 15 Step 1951 Train Loss: 0.7387
Epoch 15 Step 2851 Train Loss: 0.7251
Epoch 15 Step 2001 Train Loss: 0.7295
Epoch 15 Step 2901 Train Loss: 0.7390
Epoch 15 Step 2051 Train Loss: 0.7255
Epoch 15 Step 2951 Train Loss: 0.7425
Epoch 15 Step 2101 Train Loss: 0.7325
Epoch 15 Step 3001 Train Loss: 0.7342
Epoch 15 Step 2151 Train Loss: 0.7375
Epoch 15 Step 3051 Train Loss: 0.7431
Epoch 15 Step 2201 Train Loss: 0.7412
Epoch 15 Step 3101 Train Loss: 0.7382
Epoch 15 Step 2251 Train Loss: 0.7315
Epoch 15 Step 3151 Train Loss: 0.7227
Epoch 15 Step 2301 Train Loss: 0.7367
Epoch 15 Step 3201 Train Loss: 0.7356
Epoch 15 Step 2351 Train Loss: 0.7466
Epoch 15 Step 3251 Train Loss: 0.7352
Epoch 15 Step 2401 Train Loss: 0.7254
Epoch 15 Step 3301 Train Loss: 0.7258
Epoch 15 Step 2451 Train Loss: 0.7405
Epoch 15 Step 2501 Train Loss: 0.7302
Epoch 15 Step 2551 Train Loss: 0.7244
Epoch 15 Step 2601 Train Loss: 0.7347
Epoch 15 Step 2651 Train Loss: 0.7414
Epoch 15 Step 2701 Train Loss: 0.7404
Epoch 15 Step 2751 Train Loss: 0.7462
Epoch 15 Step 2801 Train Loss: 0.7401
Epoch 15 Step 2851 Train Loss: 0.7267
Epoch 15 Step 2901 Train Loss: 0.7429
Epoch 15 Step 2951 Train Loss: 0.7342
Epoch 15 Step 3001 Train Loss: 0.7397
Epoch 15 Step 3051 Train Loss: 0.7399
Epoch 15 Step 3101 Train Loss: 0.7332
Epoch 15 Step 3151 Train Loss: 0.7247
Epoch 15 Step 3201 Train Loss: 0.7389
Epoch 15 Step 3251 Train Loss: 0.7423
Epoch 15 Step 3301 Train Loss: 0.7228
Epoch 15: Train Overall MSE: 0.0056 Validation Overall MSE: 0.0056. 
Train Top 20 DE MSE: 0.0764 Validation Top 20 DE MSE: 0.0764. 
Epoch 16 Step 1 Train Loss: 0.7326
Epoch 16 Step 51 Train Loss: 0.7305
Epoch 16 Step 101 Train Loss: 0.7454
Epoch 16 Step 151 Train Loss: 0.7420
Epoch 16 Step 201 Train Loss: 0.7346
Epoch 16 Step 251 Train Loss: 0.7390
Epoch 16 Step 301 Train Loss: 0.7402
Epoch 16 Step 351 Train Loss: 0.7430
Epoch 16 Step 401 Train Loss: 0.7362
Epoch 16 Step 451 Train Loss: 0.7409
Epoch 16 Step 501 Train Loss: 0.7349
Epoch 16 Step 551 Train Loss: 0.7423
Epoch 16 Step 601 Train Loss: 0.7560
Epoch 16 Step 651 Train Loss: 0.7448
Epoch 16 Step 701 Train Loss: 0.7477
Epoch 16 Step 751 Train Loss: 0.7299
Epoch 16 Step 801 Train Loss: 0.7468
Epoch 16 Step 851 Train Loss: 0.7315
Epoch 15: Train Overall MSE: 0.0055 Validation Overall MSE: 0.0055. 
Train Top 20 DE MSE: 0.0748 Validation Top 20 DE MSE: 0.0748. 
Epoch 16 Step 1 Train Loss: 0.7418
Epoch 16 Step 901 Train Loss: 0.7502
Epoch 16 Step 51 Train Loss: 0.7325
Epoch 16 Step 951 Train Loss: 0.7251
Epoch 16 Step 101 Train Loss: 0.7480
Epoch 16 Step 1001 Train Loss: 0.7314
Epoch 16 Step 151 Train Loss: 0.7447
Epoch 16 Step 1051 Train Loss: 0.7412
Epoch 16 Step 201 Train Loss: 0.7347
Epoch 16 Step 1101 Train Loss: 0.7350
Epoch 16 Step 251 Train Loss: 0.7411
Epoch 16 Step 1151 Train Loss: 0.7435
Epoch 16 Step 301 Train Loss: 0.7378
Epoch 16 Step 1201 Train Loss: 0.7480
Epoch 16 Step 351 Train Loss: 0.7397
Epoch 16 Step 1251 Train Loss: 0.7517
Epoch 16 Step 401 Train Loss: 0.7370
Epoch 16 Step 1301 Train Loss: 0.7330
Epoch 16 Step 451 Train Loss: 0.7407
Epoch 16 Step 1351 Train Loss: 0.7447
Epoch 16 Step 501 Train Loss: 0.7335
Epoch 16 Step 1401 Train Loss: 0.7318
Epoch 16 Step 551 Train Loss: 0.7376
Epoch 16 Step 1451 Train Loss: 0.7430
Epoch 16 Step 1501 Train Loss: 0.7387
Epoch 16 Step 601 Train Loss: 0.7474
Epoch 16 Step 1551 Train Loss: 0.7275
Epoch 16 Step 651 Train Loss: 0.7464
Epoch 16 Step 1601 Train Loss: 0.7339
Epoch 16 Step 701 Train Loss: 0.7528
Epoch 16 Step 1651 Train Loss: 0.7386
Epoch 16 Step 751 Train Loss: 0.7308
Epoch 16 Step 1701 Train Loss: 0.7454
Epoch 16 Step 801 Train Loss: 0.7505
Epoch 16 Step 1751 Train Loss: 0.7318
Epoch 16 Step 851 Train Loss: 0.7321
Epoch 16 Step 1801 Train Loss: 0.7340
Epoch 16 Step 901 Train Loss: 0.7487
Epoch 15: Train Overall MSE: 0.0056 Validation Overall MSE: 0.0056. 
Train Top 20 DE MSE: 0.0748 Validation Top 20 DE MSE: 0.0748. 
Epoch 16 Step 1 Train Loss: 0.7346
Epoch 16 Step 1851 Train Loss: 0.7428
Epoch 16 Step 951 Train Loss: 0.7272
Epoch 16 Step 51 Train Loss: 0.7345
Epoch 16 Step 1901 Train Loss: 0.7407
Epoch 16 Step 1001 Train Loss: 0.7346
Epoch 16 Step 101 Train Loss: 0.7474
Epoch 16 Step 1951 Train Loss: 0.7385
Epoch 16 Step 1051 Train Loss: 0.7385
Epoch 16 Step 151 Train Loss: 0.7426
Epoch 16 Step 2001 Train Loss: 0.7344
Epoch 16 Step 1101 Train Loss: 0.7394
Epoch 16 Step 201 Train Loss: 0.7318
Epoch 16 Step 2051 Train Loss: 0.7409
Epoch 16 Step 1151 Train Loss: 0.7380
Epoch 16 Step 251 Train Loss: 0.7406
Epoch 16 Step 2101 Train Loss: 0.7406
Epoch 16 Step 1201 Train Loss: 0.7466
Epoch 16 Step 301 Train Loss: 0.7365
Epoch 16 Step 2151 Train Loss: 0.7429
Epoch 16 Step 1251 Train Loss: 0.7531
Epoch 16 Step 351 Train Loss: 0.7429
Epoch 16 Step 2201 Train Loss: 0.7435
Epoch 16 Step 1301 Train Loss: 0.7309
Epoch 16 Step 401 Train Loss: 0.7344
Epoch 16 Step 2251 Train Loss: 0.7405
Epoch 16 Step 1351 Train Loss: 0.7328
Epoch 16 Step 451 Train Loss: 0.7415
Epoch 16 Step 2301 Train Loss: 0.7413
Epoch 16 Step 1401 Train Loss: 0.7327
Epoch 16 Step 501 Train Loss: 0.7377
Epoch 16 Step 2351 Train Loss: 0.7382
Epoch 16 Step 1451 Train Loss: 0.7438
Epoch 16 Step 551 Train Loss: 0.7429
Epoch 16 Step 2401 Train Loss: 0.7307
Epoch 16 Step 1501 Train Loss: 0.7378
Epoch 16 Step 601 Train Loss: 0.7454
Epoch 16 Step 2451 Train Loss: 0.7415
Epoch 16 Step 1551 Train Loss: 0.7292
Epoch 16 Step 651 Train Loss: 0.7421
Epoch 16 Step 2501 Train Loss: 0.7442
Epoch 16 Step 1601 Train Loss: 0.7401
Epoch 16 Step 701 Train Loss: 0.7477
Epoch 16 Step 2551 Train Loss: 0.7449
Epoch 16 Step 1651 Train Loss: 0.7313
Epoch 16 Step 751 Train Loss: 0.7282
Epoch 16 Step 2601 Train Loss: 0.7368
Epoch 16 Step 1701 Train Loss: 0.7436
Epoch 16 Step 801 Train Loss: 0.7531
Epoch 16 Step 2651 Train Loss: 0.7459
Epoch 16 Step 1751 Train Loss: 0.7297
Epoch 16 Step 851 Train Loss: 0.7375
Epoch 16 Step 2701 Train Loss: 0.7485
Epoch 16 Step 1801 Train Loss: 0.7333
Epoch 16 Step 901 Train Loss: 0.7444
Epoch 16 Step 2751 Train Loss: 0.7452
Epoch 16 Step 1851 Train Loss: 0.7334
Epoch 16 Step 951 Train Loss: 0.7316
Epoch 16 Step 2801 Train Loss: 0.7274
Epoch 16 Step 1901 Train Loss: 0.7438
Epoch 16 Step 2851 Train Loss: 0.7354
Epoch 16 Step 1001 Train Loss: 0.7397
Epoch 16 Step 1951 Train Loss: 0.7379
Epoch 16 Step 2901 Train Loss: 0.7442
Epoch 16 Step 1051 Train Loss: 0.7452
Epoch 16 Step 2951 Train Loss: 0.7370
Epoch 16 Step 2001 Train Loss: 0.7328
Epoch 16 Step 1101 Train Loss: 0.7438
Epoch 16 Step 3001 Train Loss: 0.7411
Epoch 16 Step 2051 Train Loss: 0.7406
Epoch 16 Step 1151 Train Loss: 0.7414
Epoch 16 Step 3051 Train Loss: 0.7267
Epoch 16 Step 2101 Train Loss: 0.7431
Epoch 16 Step 1201 Train Loss: 0.7458
Epoch 16 Step 3101 Train Loss: 0.7467
Epoch 16 Step 2151 Train Loss: 0.7423
Epoch 16 Step 1251 Train Loss: 0.7530
Epoch 16 Step 3151 Train Loss: 0.7388
Epoch 16 Step 2201 Train Loss: 0.7373
Epoch 16 Step 1301 Train Loss: 0.7312
Epoch 16 Step 3201 Train Loss: 0.7319
Epoch 16 Step 2251 Train Loss: 0.7373
Epoch 16 Step 1351 Train Loss: 0.7212
Epoch 16 Step 3251 Train Loss: 0.7284
Epoch 16 Step 2301 Train Loss: 0.7422
Epoch 16 Step 1401 Train Loss: 0.7371
Epoch 16 Step 3301 Train Loss: 0.7311
Epoch 16 Step 2351 Train Loss: 0.7358
Epoch 16 Step 1451 Train Loss: 0.7438
Epoch 16 Step 2401 Train Loss: 0.7293
Epoch 16 Step 1501 Train Loss: 0.7429
Epoch 16 Step 2451 Train Loss: 0.7378
Epoch 16 Step 1551 Train Loss: 0.7410
Epoch 16 Step 2501 Train Loss: 0.7392
Epoch 16 Step 1601 Train Loss: 0.7404
Epoch 16 Step 2551 Train Loss: 0.7475
Epoch 16 Step 1651 Train Loss: 0.7345
Epoch 16 Step 2601 Train Loss: 0.7395
Epoch 16 Step 1701 Train Loss: 0.7396
Epoch 16 Step 2651 Train Loss: 0.7458
Epoch 16 Step 1751 Train Loss: 0.7259
Epoch 16 Step 2701 Train Loss: 0.7535
Epoch 16 Step 1801 Train Loss: 0.7346
Epoch 16 Step 2751 Train Loss: 0.7412
Epoch 16 Step 1851 Train Loss: 0.7366
Epoch 16 Step 2801 Train Loss: 0.7291
Epoch 16 Step 1901 Train Loss: 0.7406
Epoch 16 Step 2851 Train Loss: 0.7346
Epoch 16 Step 1951 Train Loss: 0.7312
Epoch 16 Step 2901 Train Loss: 0.7476
Epoch 16 Step 2001 Train Loss: 0.7395
Epoch 16 Step 2951 Train Loss: 0.7379
Epoch 16 Step 2051 Train Loss: 0.7411
Epoch 16 Step 3001 Train Loss: 0.7389
Epoch 16 Step 2101 Train Loss: 0.7452
Epoch 16 Step 3051 Train Loss: 0.7247
Epoch 16 Step 2151 Train Loss: 0.7337
Epoch 16 Step 3101 Train Loss: 0.7446
Epoch 16 Step 2201 Train Loss: 0.7398
Epoch 16 Step 3151 Train Loss: 0.7357
Epoch 16 Step 2251 Train Loss: 0.7371
Epoch 16 Step 3201 Train Loss: 0.7308
Epoch 16 Step 2301 Train Loss: 0.7346
Epoch 16 Step 3251 Train Loss: 0.7290
Epoch 16 Step 2351 Train Loss: 0.7401
Epoch 16 Step 3301 Train Loss: 0.7366
Epoch 16 Step 2401 Train Loss: 0.7358
Epoch 16 Step 2451 Train Loss: 0.7352
Epoch 16 Step 2501 Train Loss: 0.7318
Epoch 16 Step 2551 Train Loss: 0.7440
Epoch 16 Step 2601 Train Loss: 0.7413
Epoch 16 Step 2651 Train Loss: 0.7451
Epoch 16 Step 2701 Train Loss: 0.7540
Epoch 16 Step 2751 Train Loss: 0.7368
Epoch 16 Step 2801 Train Loss: 0.7388
Epoch 16 Step 2851 Train Loss: 0.7382
Epoch 16 Step 2901 Train Loss: 0.7444
Epoch 16 Step 2951 Train Loss: 0.7436
Epoch 16 Step 3001 Train Loss: 0.7356
Epoch 16 Step 3051 Train Loss: 0.7333
Epoch 16 Step 3101 Train Loss: 0.7461
Epoch 16 Step 3151 Train Loss: 0.7334
Epoch 16 Step 3201 Train Loss: 0.7298
Epoch 16 Step 3251 Train Loss: 0.7368
Epoch 16 Step 3301 Train Loss: 0.7391
Epoch 16: Train Overall MSE: 0.0056 Validation Overall MSE: 0.0056. 
Train Top 20 DE MSE: 0.0761 Validation Top 20 DE MSE: 0.0761. 
Epoch 17 Step 1 Train Loss: 0.7422
Epoch 17 Step 51 Train Loss: 0.7390
Epoch 17 Step 101 Train Loss: 0.7488
Epoch 17 Step 151 Train Loss: 0.7356
Epoch 17 Step 201 Train Loss: 0.7338
Epoch 17 Step 251 Train Loss: 0.7437
Epoch 17 Step 301 Train Loss: 0.7322
Epoch 17 Step 351 Train Loss: 0.7458
Epoch 17 Step 401 Train Loss: 0.7462
Epoch 17 Step 451 Train Loss: 0.7441
Epoch 17 Step 501 Train Loss: 0.7449
Epoch 17 Step 551 Train Loss: 0.7415
Epoch 17 Step 601 Train Loss: 0.7374
Epoch 17 Step 651 Train Loss: 0.7361
Epoch 17 Step 701 Train Loss: 0.7376
Epoch 17 Step 751 Train Loss: 0.7247
Epoch 17 Step 801 Train Loss: 0.7396
Epoch 17 Step 851 Train Loss: 0.7382
Epoch 17 Step 901 Train Loss: 0.7342
Epoch 17 Step 951 Train Loss: 0.7437
Epoch 17 Step 1001 Train Loss: 0.7437
Epoch 16: Train Overall MSE: 0.0055 Validation Overall MSE: 0.0055. 
Train Top 20 DE MSE: 0.0744 Validation Top 20 DE MSE: 0.0744. 
Epoch 17 Step 1 Train Loss: 0.7392
Epoch 17 Step 1051 Train Loss: 0.7414
Epoch 17 Step 51 Train Loss: 0.7339
Epoch 17 Step 1101 Train Loss: 0.7368
Epoch 17 Step 101 Train Loss: 0.7491
Epoch 17 Step 1151 Train Loss: 0.7426
Epoch 17 Step 151 Train Loss: 0.7268
Epoch 17 Step 1201 Train Loss: 0.7441
Epoch 17 Step 201 Train Loss: 0.7289
Epoch 17 Step 1251 Train Loss: 0.7332
Epoch 17 Step 251 Train Loss: 0.7421
Epoch 17 Step 1301 Train Loss: 0.7422
Epoch 17 Step 301 Train Loss: 0.7337
Epoch 17 Step 1351 Train Loss: 0.7445
Epoch 17 Step 351 Train Loss: 0.7478
Epoch 17 Step 1401 Train Loss: 0.7435
Epoch 17 Step 401 Train Loss: 0.7496
Epoch 17 Step 1451 Train Loss: 0.7317
Epoch 17 Step 451 Train Loss: 0.7472
Epoch 17 Step 1501 Train Loss: 0.7345
Epoch 17 Step 501 Train Loss: 0.7401
Epoch 17 Step 1551 Train Loss: 0.7298
Epoch 17 Step 551 Train Loss: 0.7392
Epoch 17 Step 1601 Train Loss: 0.7321
Epoch 17 Step 601 Train Loss: 0.7392
Epoch 17 Step 1651 Train Loss: 0.7270
Epoch 17 Step 651 Train Loss: 0.7341
Epoch 17 Step 1701 Train Loss: 0.7514
Epoch 17 Step 701 Train Loss: 0.7331
Epoch 17 Step 1751 Train Loss: 0.7318
Epoch 17 Step 1801 Train Loss: 0.7475
Epoch 17 Step 751 Train Loss: 0.7180
Epoch 17 Step 1851 Train Loss: 0.7393
Epoch 17 Step 801 Train Loss: 0.7502
Epoch 17 Step 1901 Train Loss: 0.7346
Epoch 17 Step 851 Train Loss: 0.7440
Epoch 17 Step 1951 Train Loss: 0.7438
Epoch 17 Step 901 Train Loss: 0.7416
Epoch 17 Step 2001 Train Loss: 0.7202
Epoch 17 Step 951 Train Loss: 0.7463
Epoch 16: Train Overall MSE: 0.0056 Validation Overall MSE: 0.0056. 
Train Top 20 DE MSE: 0.0747 Validation Top 20 DE MSE: 0.0747. 
Epoch 17 Step 1 Train Loss: 0.7419
Epoch 17 Step 2051 Train Loss: 0.7539
Epoch 17 Step 1001 Train Loss: 0.7434
Epoch 17 Step 51 Train Loss: 0.7322
Epoch 17 Step 2101 Train Loss: 0.7352
Epoch 17 Step 1051 Train Loss: 0.7382
Epoch 17 Step 101 Train Loss: 0.7471
Epoch 17 Step 2151 Train Loss: 0.7349
Epoch 17 Step 1101 Train Loss: 0.7264
Epoch 17 Step 151 Train Loss: 0.7244
Epoch 17 Step 2201 Train Loss: 0.7376
Epoch 17 Step 1151 Train Loss: 0.7418
Epoch 17 Step 201 Train Loss: 0.7332
Epoch 17 Step 2251 Train Loss: 0.7356
Epoch 17 Step 1201 Train Loss: 0.7468
Epoch 17 Step 251 Train Loss: 0.7443
Epoch 17 Step 2301 Train Loss: 0.7401
Epoch 17 Step 1251 Train Loss: 0.7421
Epoch 17 Step 2351 Train Loss: 0.7487
Epoch 17 Step 301 Train Loss: 0.7307
Epoch 17 Step 1301 Train Loss: 0.7405
Epoch 17 Step 2401 Train Loss: 0.7456
Epoch 17 Step 351 Train Loss: 0.7410
Epoch 17 Step 1351 Train Loss: 0.7417
Epoch 17 Step 2451 Train Loss: 0.7301
Epoch 17 Step 401 Train Loss: 0.7411
Epoch 17 Step 1401 Train Loss: 0.7496
Epoch 17 Step 2501 Train Loss: 0.7534
Epoch 17 Step 451 Train Loss: 0.7537
Epoch 17 Step 1451 Train Loss: 0.7341
Epoch 17 Step 2551 Train Loss: 0.7445
Epoch 17 Step 501 Train Loss: 0.7393
Epoch 17 Step 1501 Train Loss: 0.7351
Epoch 17 Step 2601 Train Loss: 0.7316
Epoch 17 Step 551 Train Loss: 0.7394
Epoch 17 Step 1551 Train Loss: 0.7366
Epoch 17 Step 2651 Train Loss: 0.7369
Epoch 17 Step 601 Train Loss: 0.7443
Epoch 17 Step 1601 Train Loss: 0.7364
Epoch 17 Step 2701 Train Loss: 0.7335
Epoch 17 Step 651 Train Loss: 0.7368
Epoch 17 Step 1651 Train Loss: 0.7245
Epoch 17 Step 2751 Train Loss: 0.7359
Epoch 17 Step 701 Train Loss: 0.7301
Epoch 17 Step 1701 Train Loss: 0.7418
Epoch 17 Step 2801 Train Loss: 0.7310
Epoch 17 Step 751 Train Loss: 0.7251
Epoch 17 Step 1751 Train Loss: 0.7339
Epoch 17 Step 2851 Train Loss: 0.7318
Epoch 17 Step 801 Train Loss: 0.7457
Epoch 17 Step 1801 Train Loss: 0.7474
Epoch 17 Step 2901 Train Loss: 0.7268
Epoch 17 Step 851 Train Loss: 0.7464
Epoch 17 Step 1851 Train Loss: 0.7444
Epoch 17 Step 2951 Train Loss: 0.7495
Epoch 17 Step 901 Train Loss: 0.7455
Epoch 17 Step 1901 Train Loss: 0.7371
Epoch 17 Step 3001 Train Loss: 0.7404
Epoch 17 Step 951 Train Loss: 0.7499
Epoch 17 Step 1951 Train Loss: 0.7500
Epoch 17 Step 3051 Train Loss: 0.7359
Epoch 17 Step 1001 Train Loss: 0.7426
Epoch 17 Step 2001 Train Loss: 0.7198
Epoch 17 Step 3101 Train Loss: 0.7300
Epoch 17 Step 1051 Train Loss: 0.7393
Epoch 17 Step 2051 Train Loss: 0.7464
Epoch 17 Step 3151 Train Loss: 0.7507
Epoch 17 Step 1101 Train Loss: 0.7240
Epoch 17 Step 2101 Train Loss: 0.7361
Epoch 17 Step 3201 Train Loss: 0.7466
Epoch 17 Step 1151 Train Loss: 0.7351
Epoch 17 Step 2151 Train Loss: 0.7371
Epoch 17 Step 3251 Train Loss: 0.7297
Epoch 17 Step 1201 Train Loss: 0.7459
Epoch 17 Step 2201 Train Loss: 0.7385
Epoch 17 Step 3301 Train Loss: 0.7273
Epoch 17 Step 1251 Train Loss: 0.7444
Epoch 17 Step 2251 Train Loss: 0.7332
Epoch 17 Step 1301 Train Loss: 0.7340
Epoch 17 Step 2301 Train Loss: 0.7350
Epoch 17 Step 1351 Train Loss: 0.7441
Epoch 17 Step 2351 Train Loss: 0.7472
Epoch 17 Step 1401 Train Loss: 0.7556
Epoch 17 Step 2401 Train Loss: 0.7449
Epoch 17 Step 1451 Train Loss: 0.7306
Epoch 17 Step 2451 Train Loss: 0.7432
Epoch 17 Step 1501 Train Loss: 0.7475
Epoch 17 Step 2501 Train Loss: 0.7519
Epoch 17 Step 1551 Train Loss: 0.7383
Epoch 17 Step 2551 Train Loss: 0.7402
Epoch 17 Step 1601 Train Loss: 0.7298
Epoch 17 Step 2601 Train Loss: 0.7335
Epoch 17 Step 1651 Train Loss: 0.7327
Epoch 17 Step 2651 Train Loss: 0.7397
Epoch 17 Step 1701 Train Loss: 0.7343
Epoch 17 Step 2701 Train Loss: 0.7384
Epoch 17 Step 1751 Train Loss: 0.7420
Epoch 17 Step 2751 Train Loss: 0.7338
Epoch 17 Step 1801 Train Loss: 0.7436
Epoch 17 Step 2801 Train Loss: 0.7276
Epoch 17 Step 1851 Train Loss: 0.7393
Epoch 17 Step 2851 Train Loss: 0.7330
Epoch 17 Step 1901 Train Loss: 0.7435
Epoch 17 Step 2901 Train Loss: 0.7307
Epoch 17 Step 1951 Train Loss: 0.7429
Epoch 17 Step 2951 Train Loss: 0.7512
Epoch 17 Step 2001 Train Loss: 0.7342
Epoch 17 Step 3001 Train Loss: 0.7386
Epoch 17 Step 2051 Train Loss: 0.7361
Epoch 17 Step 3051 Train Loss: 0.7415
Epoch 17 Step 2101 Train Loss: 0.7402
Epoch 17 Step 3101 Train Loss: 0.7386
Epoch 17 Step 2151 Train Loss: 0.7412
Epoch 17 Step 3151 Train Loss: 0.7494
Epoch 17 Step 2201 Train Loss: 0.7345
Epoch 17 Step 3201 Train Loss: 0.7397
Epoch 17 Step 2251 Train Loss: 0.7341
Epoch 17 Step 3251 Train Loss: 0.7316
Epoch 17 Step 2301 Train Loss: 0.7399
Epoch 17 Step 3301 Train Loss: 0.7191
Epoch 17 Step 2351 Train Loss: 0.7470
Epoch 17 Step 2401 Train Loss: 0.7470
Epoch 17 Step 2451 Train Loss: 0.7444
Epoch 17 Step 2501 Train Loss: 0.7506
Epoch 17 Step 2551 Train Loss: 0.7310
Epoch 17 Step 2601 Train Loss: 0.7346
Epoch 17 Step 2651 Train Loss: 0.7433
Epoch 17 Step 2701 Train Loss: 0.7389
Epoch 17 Step 2751 Train Loss: 0.7411
Epoch 17 Step 2801 Train Loss: 0.7288
Epoch 17 Step 2851 Train Loss: 0.7381
Epoch 17 Step 2901 Train Loss: 0.7316
Epoch 17 Step 2951 Train Loss: 0.7525
Epoch 17 Step 3001 Train Loss: 0.7381
Epoch 17 Step 3051 Train Loss: 0.7437
Epoch 17 Step 3101 Train Loss: 0.7466
Epoch 17 Step 3151 Train Loss: 0.7350
Epoch 17 Step 3201 Train Loss: 0.7427
Epoch 17 Step 3251 Train Loss: 0.7366
Epoch 17 Step 3301 Train Loss: 0.7241
Epoch 17: Train Overall MSE: 0.0056 Validation Overall MSE: 0.0056. 
Train Top 20 DE MSE: 0.0764 Validation Top 20 DE MSE: 0.0764. 
Epoch 18 Step 1 Train Loss: 0.7357
Epoch 18 Step 51 Train Loss: 0.7382
Epoch 18 Step 101 Train Loss: 0.7396
Epoch 18 Step 151 Train Loss: 0.7420
Epoch 18 Step 201 Train Loss: 0.7402
Epoch 18 Step 251 Train Loss: 0.7459
Epoch 18 Step 301 Train Loss: 0.7429
Epoch 18 Step 351 Train Loss: 0.7344
Epoch 18 Step 401 Train Loss: 0.7268
Epoch 18 Step 451 Train Loss: 0.7441
Epoch 18 Step 501 Train Loss: 0.7274
Epoch 18 Step 551 Train Loss: 0.7362
Epoch 18 Step 601 Train Loss: 0.7366
Epoch 18 Step 651 Train Loss: 0.7454
Epoch 18 Step 701 Train Loss: 0.7470
Epoch 18 Step 751 Train Loss: 0.7219
Epoch 18 Step 801 Train Loss: 0.7338
Epoch 18 Step 851 Train Loss: 0.7405
Epoch 18 Step 901 Train Loss: 0.7416
Epoch 18 Step 951 Train Loss: 0.7312
Epoch 18 Step 1001 Train Loss: 0.7390
Epoch 18 Step 1051 Train Loss: 0.7354
Epoch 18 Step 1101 Train Loss: 0.7413
Epoch 18 Step 1151 Train Loss: 0.7385
Epoch 17: Train Overall MSE: 0.0055 Validation Overall MSE: 0.0055. 
Train Top 20 DE MSE: 0.0747 Validation Top 20 DE MSE: 0.0747. 
Epoch 18 Step 1 Train Loss: 0.7373
Epoch 18 Step 1201 Train Loss: 0.7311
Epoch 18 Step 51 Train Loss: 0.7388
Epoch 18 Step 1251 Train Loss: 0.7308
Epoch 18 Step 101 Train Loss: 0.7334
Epoch 18 Step 1301 Train Loss: 0.7437
Epoch 18 Step 151 Train Loss: 0.7391
Epoch 18 Step 1351 Train Loss: 0.7385
Epoch 18 Step 201 Train Loss: 0.7389
Epoch 18 Step 1401 Train Loss: 0.7430
Epoch 18 Step 251 Train Loss: 0.7385
Epoch 18 Step 1451 Train Loss: 0.7382
Epoch 18 Step 301 Train Loss: 0.7412
Epoch 18 Step 1501 Train Loss: 0.7357
Epoch 18 Step 351 Train Loss: 0.7364
Epoch 18 Step 1551 Train Loss: 0.7222
Epoch 18 Step 401 Train Loss: 0.7457
Epoch 18 Step 1601 Train Loss: 0.7433
Epoch 18 Step 451 Train Loss: 0.7368
Epoch 18 Step 1651 Train Loss: 0.7335
Epoch 18 Step 501 Train Loss: 0.7295
Epoch 18 Step 1701 Train Loss: 0.7443
Epoch 18 Step 551 Train Loss: 0.7327
Epoch 18 Step 1751 Train Loss: 0.7250
Epoch 18 Step 601 Train Loss: 0.7402
Epoch 18 Step 1801 Train Loss: 0.7399
Epoch 18 Step 651 Train Loss: 0.7424
Epoch 18 Step 1851 Train Loss: 0.7359
Epoch 18 Step 701 Train Loss: 0.7511
Epoch 18 Step 1901 Train Loss: 0.7451
Epoch 18 Step 751 Train Loss: 0.7261
Epoch 18 Step 1951 Train Loss: 0.7406
Epoch 18 Step 801 Train Loss: 0.7374
Epoch 18 Step 2001 Train Loss: 0.7280
Epoch 18 Step 851 Train Loss: 0.7429
Epoch 18 Step 2051 Train Loss: 0.7333
Epoch 18 Step 2101 Train Loss: 0.7490
Epoch 18 Step 901 Train Loss: 0.7413
Epoch 18 Step 2151 Train Loss: 0.7473
Epoch 18 Step 951 Train Loss: 0.7211
Epoch 18 Step 2201 Train Loss: 0.7425
Epoch 18 Step 1001 Train Loss: 0.7416
Epoch 17: Train Overall MSE: 0.0056 Validation Overall MSE: 0.0056. 
Train Top 20 DE MSE: 0.0750 Validation Top 20 DE MSE: 0.0750. 
Epoch 18 Step 1 Train Loss: 0.7422
Epoch 18 Step 1051 Train Loss: 0.7341
Epoch 18 Step 2251 Train Loss: 0.7502
Epoch 18 Step 51 Train Loss: 0.7368
Epoch 18 Step 1101 Train Loss: 0.7382
Epoch 18 Step 2301 Train Loss: 0.7444
Epoch 18 Step 101 Train Loss: 0.7326
Epoch 18 Step 2351 Train Loss: 0.7377
Epoch 18 Step 1151 Train Loss: 0.7331
Epoch 18 Step 151 Train Loss: 0.7418
Epoch 18 Step 2401 Train Loss: 0.7425
Epoch 18 Step 1201 Train Loss: 0.7371
Epoch 18 Step 201 Train Loss: 0.7399
Epoch 18 Step 2451 Train Loss: 0.7309
Epoch 18 Step 1251 Train Loss: 0.7388
Epoch 18 Step 251 Train Loss: 0.7329
Epoch 18 Step 2501 Train Loss: 0.7340
Epoch 18 Step 1301 Train Loss: 0.7394
Epoch 18 Step 301 Train Loss: 0.7450
Epoch 18 Step 2551 Train Loss: 0.7364
Epoch 18 Step 1351 Train Loss: 0.7379
Epoch 18 Step 351 Train Loss: 0.7370
Epoch 18 Step 2601 Train Loss: 0.7416
Epoch 18 Step 1401 Train Loss: 0.7446
Epoch 18 Step 401 Train Loss: 0.7448
Epoch 18 Step 2651 Train Loss: 0.7411
Epoch 18 Step 1451 Train Loss: 0.7396
Epoch 18 Step 451 Train Loss: 0.7310
Epoch 18 Step 2701 Train Loss: 0.7350
Epoch 18 Step 1501 Train Loss: 0.7332
Epoch 18 Step 501 Train Loss: 0.7287
Epoch 18 Step 2751 Train Loss: 0.7385
Epoch 18 Step 1551 Train Loss: 0.7206
Epoch 18 Step 551 Train Loss: 0.7287
Epoch 18 Step 2801 Train Loss: 0.7420
Epoch 18 Step 1601 Train Loss: 0.7412
Epoch 18 Step 601 Train Loss: 0.7362
Epoch 18 Step 2851 Train Loss: 0.7481
Epoch 18 Step 1651 Train Loss: 0.7292
Epoch 18 Step 651 Train Loss: 0.7452
Epoch 18 Step 2901 Train Loss: 0.7449
Epoch 18 Step 1701 Train Loss: 0.7456
Epoch 18 Step 701 Train Loss: 0.7452
Epoch 18 Step 2951 Train Loss: 0.7316
Epoch 18 Step 751 Train Loss: 0.7282
Epoch 18 Step 1751 Train Loss: 0.7326
Epoch 18 Step 3001 Train Loss: 0.7363
Epoch 18 Step 1801 Train Loss: 0.7391
Epoch 18 Step 801 Train Loss: 0.7317
Epoch 18 Step 3051 Train Loss: 0.7410
Epoch 18 Step 1851 Train Loss: 0.7291
Epoch 18 Step 851 Train Loss: 0.7441
Epoch 18 Step 3101 Train Loss: 0.7269
Epoch 18 Step 901 Train Loss: 0.7362
Epoch 18 Step 1901 Train Loss: 0.7438
Epoch 18 Step 3151 Train Loss: 0.7377
Epoch 18 Step 951 Train Loss: 0.7235
Epoch 18 Step 1951 Train Loss: 0.7354
Epoch 18 Step 3201 Train Loss: 0.7229
Epoch 18 Step 1001 Train Loss: 0.7441
Epoch 18 Step 2001 Train Loss: 0.7355
Epoch 18 Step 3251 Train Loss: 0.7488
Epoch 18 Step 1051 Train Loss: 0.7395
Epoch 18 Step 2051 Train Loss: 0.7297
Epoch 18 Step 3301 Train Loss: 0.7414
Epoch 18 Step 1101 Train Loss: 0.7403
Epoch 18 Step 2101 Train Loss: 0.7473
Epoch 18 Step 2151 Train Loss: 0.7453
Epoch 18 Step 1151 Train Loss: 0.7346
Epoch 18 Step 2201 Train Loss: 0.7383
Epoch 18 Step 1201 Train Loss: 0.7403
Epoch 18 Step 2251 Train Loss: 0.7540
Epoch 18 Step 1251 Train Loss: 0.7382
Epoch 18 Step 2301 Train Loss: 0.7367
Epoch 18 Step 1301 Train Loss: 0.7377
Epoch 18 Step 2351 Train Loss: 0.7399
Epoch 18 Step 1351 Train Loss: 0.7381
Epoch 18 Step 2401 Train Loss: 0.7360
Epoch 18 Step 1401 Train Loss: 0.7434
Epoch 18 Step 2451 Train Loss: 0.7281
Epoch 18 Step 1451 Train Loss: 0.7342
Epoch 18 Step 2501 Train Loss: 0.7379
Epoch 18 Step 1501 Train Loss: 0.7329
Epoch 18 Step 2551 Train Loss: 0.7391
Epoch 18 Step 1551 Train Loss: 0.7225
Epoch 18 Step 2601 Train Loss: 0.7391
Epoch 18 Step 1601 Train Loss: 0.7434
Epoch 18 Step 2651 Train Loss: 0.7361
Epoch 18 Step 1651 Train Loss: 0.7372
Epoch 18 Step 2701 Train Loss: 0.7298
Epoch 18 Step 1701 Train Loss: 0.7421
Epoch 18 Step 2751 Train Loss: 0.7365
Epoch 18 Step 1751 Train Loss: 0.7388
Epoch 18 Step 2801 Train Loss: 0.7375
Epoch 18 Step 1801 Train Loss: 0.7358
Epoch 18 Step 2851 Train Loss: 0.7473
Epoch 18 Step 1851 Train Loss: 0.7287
Epoch 18 Step 2901 Train Loss: 0.7327
Epoch 18 Step 1901 Train Loss: 0.7408
Epoch 18 Step 2951 Train Loss: 0.7337
Epoch 18 Step 1951 Train Loss: 0.7355
Epoch 18 Step 3001 Train Loss: 0.7485
Epoch 18 Step 2001 Train Loss: 0.7441
Epoch 18 Step 3051 Train Loss: 0.7469
Epoch 18 Step 2051 Train Loss: 0.7353
Epoch 18 Step 3101 Train Loss: 0.7305
Epoch 18 Step 2101 Train Loss: 0.7398
Epoch 18 Step 3151 Train Loss: 0.7352
Epoch 18 Step 2151 Train Loss: 0.7383
Epoch 18 Step 3201 Train Loss: 0.7348
Epoch 18 Step 2201 Train Loss: 0.7426
Epoch 18 Step 3251 Train Loss: 0.7473
Epoch 18 Step 2251 Train Loss: 0.7614
Epoch 18 Step 3301 Train Loss: 0.7375
Epoch 18 Step 2301 Train Loss: 0.7364
Epoch 18 Step 2351 Train Loss: 0.7421
Epoch 18 Step 2401 Train Loss: 0.7378
Epoch 18 Step 2451 Train Loss: 0.7283
Epoch 18 Step 2501 Train Loss: 0.7406
Epoch 18 Step 2551 Train Loss: 0.7395
Epoch 18 Step 2601 Train Loss: 0.7378
Epoch 18 Step 2651 Train Loss: 0.7358
Epoch 18 Step 2701 Train Loss: 0.7239
Epoch 18 Step 2751 Train Loss: 0.7428
Epoch 18 Step 2801 Train Loss: 0.7339
Epoch 18 Step 2851 Train Loss: 0.7469
Epoch 18 Step 2901 Train Loss: 0.7322
Epoch 18 Step 2951 Train Loss: 0.7347
Epoch 18 Step 3001 Train Loss: 0.7482
Epoch 18 Step 3051 Train Loss: 0.7431
Epoch 18 Step 3101 Train Loss: 0.7329
Epoch 18 Step 3151 Train Loss: 0.7351
Epoch 18: Train Overall MSE: 0.0056 Validation Overall MSE: 0.0056. 
Train Top 20 DE MSE: 0.0770 Validation Top 20 DE MSE: 0.0770. 
Epoch 19 Step 1 Train Loss: 0.7462
Epoch 18 Step 3201 Train Loss: 0.7396
Epoch 19 Step 51 Train Loss: 0.7276
Epoch 18 Step 3251 Train Loss: 0.7474
Epoch 19 Step 101 Train Loss: 0.7404
Epoch 18 Step 3301 Train Loss: 0.7466
Epoch 19 Step 151 Train Loss: 0.7318
Epoch 19 Step 201 Train Loss: 0.7411
Epoch 19 Step 251 Train Loss: 0.7484
Epoch 19 Step 301 Train Loss: 0.7346
Epoch 19 Step 351 Train Loss: 0.7421
Epoch 19 Step 401 Train Loss: 0.7386
Epoch 19 Step 451 Train Loss: 0.7412
Epoch 19 Step 501 Train Loss: 0.7418
Epoch 19 Step 551 Train Loss: 0.7345
Epoch 19 Step 601 Train Loss: 0.7181
Epoch 19 Step 651 Train Loss: 0.7346
Epoch 19 Step 701 Train Loss: 0.7349
Epoch 19 Step 751 Train Loss: 0.7372
Epoch 19 Step 801 Train Loss: 0.7374
Epoch 19 Step 851 Train Loss: 0.7323
Epoch 19 Step 901 Train Loss: 0.7377
Epoch 19 Step 951 Train Loss: 0.7468
Epoch 19 Step 1001 Train Loss: 0.7376
Epoch 19 Step 1051 Train Loss: 0.7373
Epoch 19 Step 1101 Train Loss: 0.7339
Epoch 19 Step 1151 Train Loss: 0.7480
Epoch 19 Step 1201 Train Loss: 0.7447
Epoch 19 Step 1251 Train Loss: 0.7338
Epoch 19 Step 1301 Train Loss: 0.7408
Epoch 18: Train Overall MSE: 0.0055 Validation Overall MSE: 0.0055. 
Train Top 20 DE MSE: 0.0751 Validation Top 20 DE MSE: 0.0751. 
Epoch 19 Step 1 Train Loss: 0.7416
Epoch 19 Step 1351 Train Loss: 0.7440
Epoch 19 Step 51 Train Loss: 0.7260
Epoch 19 Step 1401 Train Loss: 0.7509
Epoch 19 Step 101 Train Loss: 0.7342
Epoch 19 Step 1451 Train Loss: 0.7273
Epoch 19 Step 151 Train Loss: 0.7263
Epoch 19 Step 1501 Train Loss: 0.7343
Epoch 19 Step 201 Train Loss: 0.7445
Epoch 19 Step 1551 Train Loss: 0.7458
Epoch 19 Step 251 Train Loss: 0.7430
Epoch 19 Step 1601 Train Loss: 0.7462
Epoch 19 Step 301 Train Loss: 0.7387
Epoch 19 Step 1651 Train Loss: 0.7411
Epoch 19 Step 351 Train Loss: 0.7433
Epoch 19 Step 1701 Train Loss: 0.7344
Epoch 19 Step 401 Train Loss: 0.7405
Epoch 19 Step 1751 Train Loss: 0.7518
Epoch 19 Step 1801 Train Loss: 0.7380
Epoch 19 Step 451 Train Loss: 0.7424
Epoch 19 Step 1851 Train Loss: 0.7347
Epoch 19 Step 501 Train Loss: 0.7413
Epoch 19 Step 1901 Train Loss: 0.7291
Epoch 19 Step 551 Train Loss: 0.7378
Epoch 19 Step 1951 Train Loss: 0.7305
Epoch 19 Step 601 Train Loss: 0.7340
Epoch 19 Step 2001 Train Loss: 0.7431
Epoch 19 Step 651 Train Loss: 0.7288
Epoch 19 Step 2051 Train Loss: 0.7365
Epoch 19 Step 701 Train Loss: 0.7336
Epoch 19 Step 2101 Train Loss: 0.7290
Epoch 19 Step 751 Train Loss: 0.7433
Epoch 19 Step 2151 Train Loss: 0.7356
Epoch 19 Step 801 Train Loss: 0.7331
Epoch 19 Step 2201 Train Loss: 0.7357
Epoch 19 Step 851 Train Loss: 0.7289
Epoch 19 Step 2251 Train Loss: 0.7242
Epoch 19 Step 901 Train Loss: 0.7351
Epoch 19 Step 2301 Train Loss: 0.7235
Epoch 19 Step 951 Train Loss: 0.7509
Epoch 19 Step 2351 Train Loss: 0.7343
Epoch 19 Step 1001 Train Loss: 0.7439
Epoch 19 Step 2401 Train Loss: 0.7244
Epoch 19 Step 1051 Train Loss: 0.7394
Epoch 19 Step 2451 Train Loss: 0.7350
Epoch 19 Step 1101 Train Loss: 0.7398
Epoch 18: Train Overall MSE: 0.0056 Validation Overall MSE: 0.0056. 
Train Top 20 DE MSE: 0.0749 Validation Top 20 DE MSE: 0.0749. 
Epoch 19 Step 1 Train Loss: 0.7427
Epoch 19 Step 2501 Train Loss: 0.7469
Epoch 19 Step 1151 Train Loss: 0.7404
Epoch 19 Step 51 Train Loss: 0.7236
Epoch 19 Step 2551 Train Loss: 0.7398
Epoch 19 Step 1201 Train Loss: 0.7448
Epoch 19 Step 101 Train Loss: 0.7340
Epoch 19 Step 2601 Train Loss: 0.7434
Epoch 19 Step 1251 Train Loss: 0.7292
Epoch 19 Step 151 Train Loss: 0.7221
Epoch 19 Step 2651 Train Loss: 0.7308
Epoch 19 Step 1301 Train Loss: 0.7364
Epoch 19 Step 201 Train Loss: 0.7441
Epoch 19 Step 2701 Train Loss: 0.7405
Epoch 19 Step 1351 Train Loss: 0.7344
Epoch 19 Step 251 Train Loss: 0.7411
Epoch 19 Step 2751 Train Loss: 0.7376
Epoch 19 Step 1401 Train Loss: 0.7463
Epoch 19 Step 301 Train Loss: 0.7487
Epoch 19 Step 2801 Train Loss: 0.7339
Epoch 19 Step 1451 Train Loss: 0.7290
Epoch 19 Step 351 Train Loss: 0.7457
Epoch 19 Step 2851 Train Loss: 0.7369
Epoch 19 Step 1501 Train Loss: 0.7396
Epoch 19 Step 401 Train Loss: 0.7400
Epoch 19 Step 2901 Train Loss: 0.7354
Epoch 19 Step 1551 Train Loss: 0.7478
Epoch 19 Step 451 Train Loss: 0.7397
Epoch 19 Step 2951 Train Loss: 0.7415
Epoch 19 Step 1601 Train Loss: 0.7444
Epoch 19 Step 501 Train Loss: 0.7377
Epoch 19 Step 3001 Train Loss: 0.7356
Epoch 19 Step 1651 Train Loss: 0.7419
Epoch 19 Step 551 Train Loss: 0.7489
Epoch 19 Step 3051 Train Loss: 0.7516
Epoch 19 Step 1701 Train Loss: 0.7380
Epoch 19 Step 601 Train Loss: 0.7395
Epoch 19 Step 3101 Train Loss: 0.7401
Epoch 19 Step 1751 Train Loss: 0.7472
Epoch 19 Step 651 Train Loss: 0.7279
Epoch 19 Step 3151 Train Loss: 0.7380
Epoch 19 Step 1801 Train Loss: 0.7416
Epoch 19 Step 701 Train Loss: 0.7335
Epoch 19 Step 3201 Train Loss: 0.7343
Epoch 19 Step 1851 Train Loss: 0.7335
Epoch 19 Step 751 Train Loss: 0.7450
Epoch 19 Step 3251 Train Loss: 0.7334
Epoch 19 Step 1901 Train Loss: 0.7368
Epoch 19 Step 801 Train Loss: 0.7353
Epoch 19 Step 3301 Train Loss: 0.7381
Epoch 19 Step 1951 Train Loss: 0.7278
Epoch 19 Step 851 Train Loss: 0.7336
Epoch 19 Step 2001 Train Loss: 0.7429
Epoch 19 Step 901 Train Loss: 0.7394
Epoch 19 Step 2051 Train Loss: 0.7262
Epoch 19 Step 951 Train Loss: 0.7468
Epoch 19 Step 2101 Train Loss: 0.7333
Epoch 19 Step 1001 Train Loss: 0.7503
Epoch 19 Step 2151 Train Loss: 0.7348
Epoch 19 Step 1051 Train Loss: 0.7382
Epoch 19 Step 1101 Train Loss: 0.7412
Epoch 19 Step 2201 Train Loss: 0.7357
Epoch 19 Step 1151 Train Loss: 0.7435
Epoch 19 Step 2251 Train Loss: 0.7314
Epoch 19 Step 1201 Train Loss: 0.7386
Epoch 19 Step 2301 Train Loss: 0.7324
Epoch 19 Step 1251 Train Loss: 0.7332
Epoch 19 Step 2351 Train Loss: 0.7284
Epoch 19 Step 1301 Train Loss: 0.7320
Epoch 19 Step 2401 Train Loss: 0.7266
Epoch 19 Step 1351 Train Loss: 0.7358
Epoch 19 Step 2451 Train Loss: 0.7309
Epoch 19 Step 1401 Train Loss: 0.7463
Epoch 19 Step 2501 Train Loss: 0.7475
Epoch 19 Step 1451 Train Loss: 0.7319
Epoch 19 Step 2551 Train Loss: 0.7359
Epoch 19 Step 1501 Train Loss: 0.7390
Epoch 19 Step 2601 Train Loss: 0.7449
Epoch 19 Step 1551 Train Loss: 0.7475
Epoch 19 Step 2651 Train Loss: 0.7324
Epoch 19 Step 1601 Train Loss: 0.7412
Epoch 19 Step 2701 Train Loss: 0.7424
Epoch 19 Step 1651 Train Loss: 0.7498
Epoch 19 Step 2751 Train Loss: 0.7460
Epoch 19 Step 1701 Train Loss: 0.7373
Epoch 19 Step 2801 Train Loss: 0.7390
Epoch 19 Step 1751 Train Loss: 0.7330
Epoch 19 Step 2851 Train Loss: 0.7304
Epoch 19 Step 1801 Train Loss: 0.7415
Epoch 19 Step 2901 Train Loss: 0.7262
Epoch 19 Step 1851 Train Loss: 0.7334
Epoch 19 Step 2951 Train Loss: 0.7293
Epoch 19 Step 1901 Train Loss: 0.7302
Epoch 19 Step 3001 Train Loss: 0.7310
Epoch 19 Step 1951 Train Loss: 0.7287
Epoch 19 Step 3051 Train Loss: 0.7495
Epoch 19 Step 2001 Train Loss: 0.7493
Epoch 19 Step 3101 Train Loss: 0.7365
Epoch 19 Step 2051 Train Loss: 0.7268
Epoch 19 Step 3151 Train Loss: 0.7365
Epoch 19 Step 2101 Train Loss: 0.7397
Epoch 19 Step 3201 Train Loss: 0.7330
Epoch 19 Step 3251 Train Loss: 0.7257
Epoch 19 Step 2151 Train Loss: 0.7335
Epoch 19 Step 3301 Train Loss: 0.7318
Epoch 19 Step 2201 Train Loss: 0.7308
Epoch 19 Step 2251 Train Loss: 0.7417
Epoch 19 Step 2301 Train Loss: 0.7302
Epoch 19 Step 2351 Train Loss: 0.7272
Epoch 19 Step 2401 Train Loss: 0.7316
Epoch 19 Step 2451 Train Loss: 0.7324
Epoch 19 Step 2501 Train Loss: 0.7457
Epoch 19 Step 2551 Train Loss: 0.7343
Epoch 19 Step 2601 Train Loss: 0.7421
Epoch 19 Step 2651 Train Loss: 0.7398
Epoch 19 Step 2701 Train Loss: 0.7387
Epoch 19 Step 2751 Train Loss: 0.7487
Epoch 19 Step 2801 Train Loss: 0.7432
Epoch 19 Step 2851 Train Loss: 0.7360
Epoch 19 Step 2901 Train Loss: 0.7277
Epoch 19: Train Overall MSE: 0.0056 Validation Overall MSE: 0.0056. 
Train Top 20 DE MSE: 0.0768 Validation Top 20 DE MSE: 0.0768. 
Epoch 20 Step 1 Train Loss: 0.7359
Epoch 19 Step 2951 Train Loss: 0.7343
Epoch 20 Step 51 Train Loss: 0.7530
Epoch 19 Step 3001 Train Loss: 0.7408
Epoch 20 Step 101 Train Loss: 0.7421
Epoch 19 Step 3051 Train Loss: 0.7522
Epoch 20 Step 151 Train Loss: 0.7400
Epoch 19 Step 3101 Train Loss: 0.7412
Epoch 20 Step 201 Train Loss: 0.7346
Epoch 19 Step 3151 Train Loss: 0.7375
Epoch 20 Step 251 Train Loss: 0.7419
Epoch 20 Step 301 Train Loss: 0.7381
Epoch 19 Step 3201 Train Loss: 0.7275
Epoch 20 Step 351 Train Loss: 0.7405
Epoch 19 Step 3251 Train Loss: 0.7270
Epoch 20 Step 401 Train Loss: 0.7395
Epoch 19 Step 3301 Train Loss: 0.7307
Epoch 20 Step 451 Train Loss: 0.7461
Epoch 20 Step 501 Train Loss: 0.7376
Epoch 20 Step 551 Train Loss: 0.7357
Epoch 20 Step 601 Train Loss: 0.7294
Epoch 20 Step 651 Train Loss: 0.7478
Epoch 20 Step 701 Train Loss: 0.7367
Epoch 20 Step 751 Train Loss: 0.7379
Epoch 20 Step 801 Train Loss: 0.7399
Epoch 20 Step 851 Train Loss: 0.7359
Epoch 20 Step 901 Train Loss: 0.7353
Epoch 20 Step 951 Train Loss: 0.7438
Epoch 20 Step 1001 Train Loss: 0.7517
Epoch 20 Step 1051 Train Loss: 0.7433
Epoch 20 Step 1101 Train Loss: 0.7305
Epoch 20 Step 1151 Train Loss: 0.7375
Epoch 20 Step 1201 Train Loss: 0.7300
Epoch 20 Step 1251 Train Loss: 0.7332
Epoch 20 Step 1301 Train Loss: 0.7427
Epoch 20 Step 1351 Train Loss: 0.7402
Epoch 20 Step 1401 Train Loss: 0.7428
Epoch 20 Step 1451 Train Loss: 0.7339
Epoch 20 Step 1501 Train Loss: 0.7413
Epoch 20 Step 1551 Train Loss: 0.7468
Epoch 19: Train Overall MSE: 0.0055 Validation Overall MSE: 0.0055. 
Train Top 20 DE MSE: 0.0750 Validation Top 20 DE MSE: 0.0750. 
Epoch 20 Step 1 Train Loss: 0.7369
Epoch 20 Step 1601 Train Loss: 0.7417
Epoch 20 Step 51 Train Loss: 0.7364
Epoch 20 Step 1651 Train Loss: 0.7467
Epoch 20 Step 101 Train Loss: 0.7358
Epoch 20 Step 1701 Train Loss: 0.7458
Epoch 20 Step 151 Train Loss: 0.7436
Epoch 20 Step 1751 Train Loss: 0.7499
Epoch 20 Step 201 Train Loss: 0.7362
Epoch 20 Step 1801 Train Loss: 0.7439
Epoch 20 Step 251 Train Loss: 0.7445
Epoch 20 Step 1851 Train Loss: 0.7298
Epoch 20 Step 301 Train Loss: 0.7456
Epoch 20 Step 1901 Train Loss: 0.7334
Epoch 20 Step 351 Train Loss: 0.7376
Epoch 20 Step 1951 Train Loss: 0.7193
Epoch 20 Step 401 Train Loss: 0.7408
Epoch 20 Step 2001 Train Loss: 0.7352
Epoch 20 Step 451 Train Loss: 0.7424
Epoch 20 Step 2051 Train Loss: 0.7459
Epoch 20 Step 501 Train Loss: 0.7417
Epoch 20 Step 2101 Train Loss: 0.7441
Epoch 20 Step 551 Train Loss: 0.7320
Epoch 20 Step 2151 Train Loss: 0.7360
Epoch 20 Step 601 Train Loss: 0.7264
Epoch 20 Step 2201 Train Loss: 0.7366
Epoch 20 Step 651 Train Loss: 0.7474
Epoch 20 Step 2251 Train Loss: 0.7441
Epoch 20 Step 701 Train Loss: 0.7385
Epoch 20 Step 2301 Train Loss: 0.7349
Epoch 20 Step 751 Train Loss: 0.7294
Epoch 20 Step 2351 Train Loss: 0.7360
Epoch 20 Step 801 Train Loss: 0.7448
Epoch 20 Step 2401 Train Loss: 0.7532
Epoch 20 Step 851 Train Loss: 0.7390
Epoch 20 Step 2451 Train Loss: 0.7474
Epoch 20 Step 901 Train Loss: 0.7375
Epoch 20 Step 2501 Train Loss: 0.7350
Epoch 20 Step 951 Train Loss: 0.7475
Epoch 20 Step 2551 Train Loss: 0.7425
Epoch 20 Step 2601 Train Loss: 0.7399
Epoch 20 Step 1001 Train Loss: 0.7476
Epoch 20 Step 2651 Train Loss: 0.7444
Epoch 20 Step 1051 Train Loss: 0.7427
Epoch 20 Step 2701 Train Loss: 0.7469
Epoch 20 Step 1101 Train Loss: 0.7356
Epoch 20 Step 2751 Train Loss: 0.7370
Epoch 20 Step 1151 Train Loss: 0.7343
Epoch 19: Train Overall MSE: 0.0056 Validation Overall MSE: 0.0056. 
Train Top 20 DE MSE: 0.0748 Validation Top 20 DE MSE: 0.0747. 
Epoch 20 Step 1 Train Loss: 0.7338
Epoch 20 Step 2801 Train Loss: 0.7423
Epoch 20 Step 1201 Train Loss: 0.7305
Epoch 20 Step 51 Train Loss: 0.7430
Epoch 20 Step 2851 Train Loss: 0.7374
Epoch 20 Step 1251 Train Loss: 0.7351
Epoch 20 Step 101 Train Loss: 0.7345
Epoch 20 Step 2901 Train Loss: 0.7445
Epoch 20 Step 1301 Train Loss: 0.7340
Epoch 20 Step 151 Train Loss: 0.7415
Epoch 20 Step 2951 Train Loss: 0.7418
Epoch 20 Step 1351 Train Loss: 0.7427
Epoch 20 Step 201 Train Loss: 0.7304
Epoch 20 Step 3001 Train Loss: 0.7359
Epoch 20 Step 1401 Train Loss: 0.7375
Epoch 20 Step 251 Train Loss: 0.7354
Epoch 20 Step 3051 Train Loss: 0.7423
Epoch 20 Step 1451 Train Loss: 0.7302
Epoch 20 Step 301 Train Loss: 0.7342
Epoch 20 Step 3101 Train Loss: 0.7325
Epoch 20 Step 1501 Train Loss: 0.7385
Epoch 20 Step 351 Train Loss: 0.7336
Epoch 20 Step 3151 Train Loss: 0.7333
Epoch 20 Step 1551 Train Loss: 0.7449
Epoch 20 Step 401 Train Loss: 0.7434
Epoch 20 Step 3201 Train Loss: 0.7413
Epoch 20 Step 1601 Train Loss: 0.7444
Epoch 20 Step 451 Train Loss: 0.7379
Epoch 20 Step 3251 Train Loss: 0.7380
Epoch 20 Step 1651 Train Loss: 0.7312
Epoch 20 Step 501 Train Loss: 0.7452
Epoch 20 Step 3301 Train Loss: 0.7220
Epoch 20 Step 1701 Train Loss: 0.7498
Epoch 20 Step 551 Train Loss: 0.7301
Epoch 20 Step 1751 Train Loss: 0.7448
Epoch 20 Step 601 Train Loss: 0.7299
Epoch 20 Step 1801 Train Loss: 0.7376
Epoch 20 Step 651 Train Loss: 0.7454
Epoch 20 Step 1851 Train Loss: 0.7393
Epoch 20 Step 701 Train Loss: 0.7339
Epoch 20 Step 1901 Train Loss: 0.7374
Epoch 20 Step 751 Train Loss: 0.7240
Epoch 20 Step 1951 Train Loss: 0.7242
Epoch 20 Step 801 Train Loss: 0.7430
Epoch 20 Step 2001 Train Loss: 0.7376
Epoch 20 Step 851 Train Loss: 0.7371
Epoch 20 Step 2051 Train Loss: 0.7366
Epoch 20 Step 901 Train Loss: 0.7409
Epoch 20 Step 2101 Train Loss: 0.7446
Epoch 20 Step 951 Train Loss: 0.7431
Epoch 20 Step 2151 Train Loss: 0.7371
Epoch 20 Step 1001 Train Loss: 0.7470
Epoch 20 Step 2201 Train Loss: 0.7311
Epoch 20 Step 1051 Train Loss: 0.7339
Epoch 20 Step 2251 Train Loss: 0.7445
Epoch 20 Step 1101 Train Loss: 0.7355
Epoch 20 Step 2301 Train Loss: 0.7376
Epoch 20 Step 1151 Train Loss: 0.7382
Epoch 20 Step 2351 Train Loss: 0.7349
Epoch 20 Step 1201 Train Loss: 0.7301
Epoch 20 Step 2401 Train Loss: 0.7464
Epoch 20 Step 1251 Train Loss: 0.7292
Epoch 20 Step 2451 Train Loss: 0.7370
Epoch 20 Step 1301 Train Loss: 0.7388
Epoch 20 Step 2501 Train Loss: 0.7309
Epoch 20 Step 1351 Train Loss: 0.7411
Epoch 20 Step 2551 Train Loss: 0.7437
Epoch 20 Step 1401 Train Loss: 0.7378
Epoch 20 Step 2601 Train Loss: 0.7478
Epoch 20 Step 1451 Train Loss: 0.7364
Epoch 20 Step 2651 Train Loss: 0.7421
Epoch 20 Step 1501 Train Loss: 0.7420
Epoch 20 Step 2701 Train Loss: 0.7467
Epoch 20 Step 1551 Train Loss: 0.7427
Epoch 20 Step 2751 Train Loss: 0.7369
Epoch 20 Step 1601 Train Loss: 0.7422
Epoch 20 Step 2801 Train Loss: 0.7425
Epoch 20 Step 1651 Train Loss: 0.7274
Epoch 20 Step 2851 Train Loss: 0.7334
Epoch 20 Step 1701 Train Loss: 0.7536
Epoch 20 Step 2901 Train Loss: 0.7446
Epoch 20 Step 1751 Train Loss: 0.7334
Epoch 20 Step 2951 Train Loss: 0.7364
Epoch 20 Step 1801 Train Loss: 0.7447
Epoch 20 Step 3001 Train Loss: 0.7384
Epoch 20 Step 1851 Train Loss: 0.7404
Epoch 20 Step 3051 Train Loss: 0.7453
Epoch 20 Step 1901 Train Loss: 0.7418
Epoch 20 Step 3101 Train Loss: 0.7309
Epoch 20 Step 1951 Train Loss: 0.7289
Epoch 20 Step 3151 Train Loss: 0.7348
Epoch 20 Step 2001 Train Loss: 0.7302
Epoch 20 Step 3201 Train Loss: 0.7403
Epoch 20 Step 2051 Train Loss: 0.7378
Epoch 20 Step 3251 Train Loss: 0.7337
Epoch 20 Step 2101 Train Loss: 0.7394
Epoch 20 Step 3301 Train Loss: 0.7249
Epoch 20 Step 2151 Train Loss: 0.7368
Epoch 20 Step 2201 Train Loss: 0.7373
Epoch 20 Step 2251 Train Loss: 0.7442
Epoch 20 Step 2301 Train Loss: 0.7392
Epoch 20 Step 2351 Train Loss: 0.7440
Epoch 20 Step 2401 Train Loss: 0.7469
Epoch 20 Step 2451 Train Loss: 0.7330
Epoch 20 Step 2501 Train Loss: 0.7301
Epoch 20 Step 2551 Train Loss: 0.7386
Epoch 20: Train Overall MSE: 0.0056 Validation Overall MSE: 0.0056. 
Train Top 20 DE MSE: 0.0763 Validation Top 20 DE MSE: 0.0763. 
Done!
Start Testing...
Epoch 20 Step 2601 Train Loss: 0.7474
Epoch 20 Step 2651 Train Loss: 0.7369
Epoch 20 Step 2701 Train Loss: 0.7395
Epoch 20 Step 2751 Train Loss: 0.7373
Best performing model: Test Top 20 DE MSE: 0.0757
Epoch 20 Step 2801 Train Loss: 0.7452
Epoch 20 Step 2851 Train Loss: 0.7332
Epoch 20 Step 2901 Train Loss: 0.7400
Epoch 20 Step 2951 Train Loss: 0.7394
Epoch 20 Step 3001 Train Loss: 0.7348
Epoch 20 Step 3051 Train Loss: 0.7392
Epoch 20 Step 3101 Train Loss: 0.7330
Epoch 20 Step 3151 Train Loss: 0.7318
Epoch 20 Step 3201 Train Loss: 0.7402
Epoch 20 Step 3251 Train Loss: 0.7386
Epoch 20 Step 3301 Train Loss: 0.7292
Epoch 20: Train Overall MSE: 0.0055 Validation Overall MSE: 0.0055. 
Train Top 20 DE MSE: 0.0746 Validation Top 20 DE MSE: 0.0746. 
Done!
Start Testing...
Done!
Getting GEARS model for split 3; batch size is 16...
'Series' object has no attribute 'nonzero' ignored
Saving 3...
Best performing model: Test Top 20 DE MSE: 0.0801
Epoch 20: Train Overall MSE: 0.0056 Validation Overall MSE: 0.0056. 
Train Top 20 DE MSE: 0.0747 Validation Top 20 DE MSE: 0.0747. 
Done!
Start Testing...
Best performing model: Test Top 20 DE MSE: 0.0851
Done!
Getting GEARS model for split 2; batch size is 16...
'Series' object has no attribute 'nonzero' ignored
Saving 2...
Done!
Getting GEARS model for split 1; batch size is 16...
'Series' object has no attribute 'nonzero' ignored
Saving 1...
Processing 1 split(s)...
Split 0:
/usr/lib/python3.13/multiprocessing/resource_tracker.py:301: UserWarning: resource_tracker: There appear to be 1 leaked semaphore objects to clean up at shutdown: {'/loky-24412-mvfvyyjw'}
  warnings.warn(
nohup: Eingabe wird ignoriert
Found local copy...
Found local copy...
These perturbations are not in the GO graph and their perturbation can thus not be predicted
[]
Local copy of pyg dataset is detected. Loading...
Done!
Devices available: 4; CV runs: 5
Processing 4 split(s)...
Split 4:
Creating dataloaders....
Done!
Found local copy...
Start Training...
Epoch 1 Step 1 Train Loss: 0.7606
Epoch 1 Step 51 Train Loss: 0.7520
Epoch 1 Step 101 Train Loss: 0.7343
Epoch 1 Step 151 Train Loss: 0.7288
Epoch 1 Step 201 Train Loss: 0.7316
Epoch 1 Step 251 Train Loss: 0.7350
Epoch 1 Step 301 Train Loss: 0.7308
Epoch 1 Step 351 Train Loss: 0.7358
Epoch 1 Step 401 Train Loss: 0.7320
Epoch 1: Train Overall MSE: 0.0074 Validation Overall MSE: 0.0074. 
Train Top 20 DE MSE: 0.0660 Validation Top 20 DE MSE: 0.0660. 
Epoch 2 Step 1 Train Loss: 0.7293
Epoch 2 Step 51 Train Loss: 0.7284
Epoch 2 Step 101 Train Loss: 0.7359
Epoch 2 Step 151 Train Loss: 0.7342
Epoch 2 Step 201 Train Loss: 0.7301
Epoch 2 Step 251 Train Loss: 0.7305
Epoch 2 Step 301 Train Loss: 0.7327
Epoch 2 Step 351 Train Loss: 0.7281
Epoch 2 Step 401 Train Loss: 0.7291
Epoch 2: Train Overall MSE: 0.0223 Validation Overall MSE: 0.0223. 
Train Top 20 DE MSE: 0.0776 Validation Top 20 DE MSE: 0.0776. 
Epoch 3 Step 1 Train Loss: 0.7309
Epoch 3 Step 51 Train Loss: 0.7340
Epoch 3 Step 101 Train Loss: 0.7306
Epoch 3 Step 151 Train Loss: 0.7306
Epoch 3 Step 201 Train Loss: 0.7317
Epoch 3 Step 251 Train Loss: 0.7322
Epoch 3 Step 301 Train Loss: 0.7327
Epoch 3 Step 351 Train Loss: 0.7276
Epoch 3 Step 401 Train Loss: 0.7239
Epoch 3: Train Overall MSE: 0.0297 Validation Overall MSE: 0.0297. 
Train Top 20 DE MSE: 0.1104 Validation Top 20 DE MSE: 0.1105. 
Epoch 4 Step 1 Train Loss: 0.7256
Epoch 4 Step 51 Train Loss: 0.7288
Epoch 4 Step 101 Train Loss: 0.7303
Epoch 4 Step 151 Train Loss: 0.7271
Epoch 4 Step 201 Train Loss: 0.7309
Epoch 4 Step 251 Train Loss: 0.7282
Epoch 4 Step 301 Train Loss: 0.7297
Epoch 4 Step 351 Train Loss: 0.7289
Epoch 4 Step 401 Train Loss: 0.7312
Epoch 4: Train Overall MSE: 0.0222 Validation Overall MSE: 0.0222. 
Train Top 20 DE MSE: 0.0914 Validation Top 20 DE MSE: 0.0915. 
Epoch 5 Step 1 Train Loss: 0.7269
Epoch 5 Step 51 Train Loss: 0.7288
Epoch 5 Step 101 Train Loss: 0.7250
Epoch 5 Step 151 Train Loss: 0.7285
Epoch 5 Step 201 Train Loss: 0.7294
Epoch 5 Step 251 Train Loss: 0.7273
Epoch 5 Step 301 Train Loss: 0.7325
Epoch 5 Step 351 Train Loss: 0.7254
Epoch 5 Step 401 Train Loss: 0.7335
Epoch 5: Train Overall MSE: 0.0166 Validation Overall MSE: 0.0166. 
Train Top 20 DE MSE: 0.0682 Validation Top 20 DE MSE: 0.0682. 
Epoch 6 Step 1 Train Loss: 0.7269
Epoch 6 Step 51 Train Loss: 0.7284
Epoch 6 Step 101 Train Loss: 0.7269
Epoch 6 Step 151 Train Loss: 0.7288
Epoch 6 Step 201 Train Loss: 0.7270
Epoch 6 Step 251 Train Loss: 0.7310
Epoch 6 Step 301 Train Loss: 0.7309
Epoch 6 Step 351 Train Loss: 0.7261
Epoch 6 Step 401 Train Loss: 0.7243
Epoch 6: Train Overall MSE: 0.0055 Validation Overall MSE: 0.0055. 
Train Top 20 DE MSE: 0.0419 Validation Top 20 DE MSE: 0.0419. 
Epoch 7 Step 1 Train Loss: 0.7317
Epoch 7 Step 51 Train Loss: 0.7269
Epoch 7 Step 101 Train Loss: 0.7263
Epoch 7 Step 151 Train Loss: 0.7312
Epoch 7 Step 201 Train Loss: 0.7251
Epoch 7 Step 251 Train Loss: 0.7312
Epoch 7 Step 301 Train Loss: 0.7263
Epoch 7 Step 351 Train Loss: 0.7217
Epoch 7 Step 401 Train Loss: 0.7341
Epoch 7: Train Overall MSE: 0.0072 Validation Overall MSE: 0.0072. 
Train Top 20 DE MSE: 0.0495 Validation Top 20 DE MSE: 0.0495. 
Epoch 8 Step 1 Train Loss: 0.7317
Epoch 8 Step 51 Train Loss: 0.7299
Epoch 8 Step 101 Train Loss: 0.7278
Epoch 8 Step 151 Train Loss: 0.7285
Epoch 8 Step 201 Train Loss: 0.7260
Epoch 8 Step 251 Train Loss: 0.7226
Epoch 8 Step 301 Train Loss: 0.7285
Epoch 8 Step 351 Train Loss: 0.7276
Epoch 8 Step 401 Train Loss: 0.7324
Epoch 8: Train Overall MSE: 0.0038 Validation Overall MSE: 0.0038. 
Train Top 20 DE MSE: 0.0336 Validation Top 20 DE MSE: 0.0337. 
Epoch 9 Step 1 Train Loss: 0.7307
Epoch 9 Step 51 Train Loss: 0.7285
Epoch 9 Step 101 Train Loss: 0.7275
Epoch 9 Step 151 Train Loss: 0.7282
Epoch 9 Step 201 Train Loss: 0.7297
Epoch 9 Step 251 Train Loss: 0.7319
Epoch 9 Step 301 Train Loss: 0.7266
Epoch 9 Step 351 Train Loss: 0.7267
Epoch 9 Step 401 Train Loss: 0.7294
Epoch 9: Train Overall MSE: 0.0030 Validation Overall MSE: 0.0030. 
Train Top 20 DE MSE: 0.0292 Validation Top 20 DE MSE: 0.0292. 
Epoch 10 Step 1 Train Loss: 0.7302
Epoch 10 Step 51 Train Loss: 0.7228
Epoch 10 Step 101 Train Loss: 0.7240
Epoch 10 Step 151 Train Loss: 0.7278
Epoch 10 Step 201 Train Loss: 0.7262
Epoch 10 Step 251 Train Loss: 0.7256
Epoch 10 Step 301 Train Loss: 0.7280
Epoch 10 Step 351 Train Loss: 0.7305
Epoch 10 Step 401 Train Loss: 0.7319
Epoch 10: Train Overall MSE: 0.0029 Validation Overall MSE: 0.0029. 
Train Top 20 DE MSE: 0.0282 Validation Top 20 DE MSE: 0.0282. 
Epoch 11 Step 1 Train Loss: 0.7297
Epoch 11 Step 51 Train Loss: 0.7264
Epoch 11 Step 101 Train Loss: 0.7250
Epoch 11 Step 151 Train Loss: 0.7259
Epoch 11 Step 201 Train Loss: 0.7290
Epoch 11 Step 251 Train Loss: 0.7272
Epoch 11 Step 301 Train Loss: 0.7303
Epoch 11 Step 351 Train Loss: 0.7249
Epoch 11 Step 401 Train Loss: 0.7279
Epoch 11: Train Overall MSE: 0.0027 Validation Overall MSE: 0.0027. 
Train Top 20 DE MSE: 0.0268 Validation Top 20 DE MSE: 0.0268. 
Epoch 12 Step 1 Train Loss: 0.7277
Epoch 12 Step 51 Train Loss: 0.7300
Epoch 12 Step 101 Train Loss: 0.7305
Epoch 12 Step 151 Train Loss: 0.7318
Epoch 12 Step 201 Train Loss: 0.7316
Epoch 12 Step 251 Train Loss: 0.7251
Epoch 12 Step 301 Train Loss: 0.7308
Epoch 12 Step 351 Train Loss: 0.7341
Epoch 12 Step 401 Train Loss: 0.7301
Epoch 12: Train Overall MSE: 0.0027 Validation Overall MSE: 0.0027. 
Train Top 20 DE MSE: 0.0268 Validation Top 20 DE MSE: 0.0268. 
Epoch 13 Step 1 Train Loss: 0.7278
Epoch 13 Step 51 Train Loss: 0.7298
Epoch 13 Step 101 Train Loss: 0.7300
Epoch 13 Step 151 Train Loss: 0.7341
Epoch 13 Step 201 Train Loss: 0.7278
Epoch 13 Step 251 Train Loss: 0.7272
Epoch 13 Step 301 Train Loss: 0.7317
Epoch 13 Step 351 Train Loss: 0.7275
Epoch 13 Step 401 Train Loss: 0.7308
Epoch 13: Train Overall MSE: 0.0027 Validation Overall MSE: 0.0027. 
Train Top 20 DE MSE: 0.0266 Validation Top 20 DE MSE: 0.0266. 
Epoch 14 Step 1 Train Loss: 0.7304
Epoch 14 Step 51 Train Loss: 0.7344
Epoch 14 Step 101 Train Loss: 0.7221
Epoch 14 Step 151 Train Loss: 0.7254
Epoch 14 Step 201 Train Loss: 0.7288
Epoch 14 Step 251 Train Loss: 0.7315
Epoch 14 Step 301 Train Loss: 0.7240
Epoch 14 Step 351 Train Loss: 0.7299
Epoch 14 Step 401 Train Loss: 0.7291
Epoch 14: Train Overall MSE: 0.0027 Validation Overall MSE: 0.0027. 
Train Top 20 DE MSE: 0.0268 Validation Top 20 DE MSE: 0.0268. 
Epoch 15 Step 1 Train Loss: 0.7289
Epoch 15 Step 51 Train Loss: 0.7307
Epoch 15 Step 101 Train Loss: 0.7256
Epoch 15 Step 151 Train Loss: 0.7271
Epoch 15 Step 201 Train Loss: 0.7317
Epoch 15 Step 251 Train Loss: 0.7278
Epoch 15 Step 301 Train Loss: 0.7259
Epoch 15 Step 351 Train Loss: 0.7212
Epoch 15 Step 401 Train Loss: 0.7329
Epoch 15: Train Overall MSE: 0.0027 Validation Overall MSE: 0.0027. 
Train Top 20 DE MSE: 0.0265 Validation Top 20 DE MSE: 0.0265. 
Epoch 16 Step 1 Train Loss: 0.7309
Epoch 16 Step 51 Train Loss: 0.7298
Epoch 16 Step 101 Train Loss: 0.7280
Epoch 16 Step 151 Train Loss: 0.7312
Epoch 16 Step 201 Train Loss: 0.7280
Epoch 16 Step 251 Train Loss: 0.7311
Epoch 16 Step 301 Train Loss: 0.7284
Epoch 16 Step 351 Train Loss: 0.7210
Epoch 16 Step 401 Train Loss: 0.7273
Epoch 16: Train Overall MSE: 0.0027 Validation Overall MSE: 0.0027. 
Train Top 20 DE MSE: 0.0265 Validation Top 20 DE MSE: 0.0265. 
Epoch 17 Step 1 Train Loss: 0.7264
Epoch 17 Step 51 Train Loss: 0.7269
Epoch 17 Step 101 Train Loss: 0.7231
Epoch 17 Step 151 Train Loss: 0.7290
Epoch 17 Step 201 Train Loss: 0.7234
Epoch 17 Step 251 Train Loss: 0.7300
Epoch 17 Step 301 Train Loss: 0.7272
Epoch 17 Step 351 Train Loss: 0.7329
Epoch 17 Step 401 Train Loss: 0.7259
Epoch 17: Train Overall MSE: 0.0027 Validation Overall MSE: 0.0027. 
Train Top 20 DE MSE: 0.0267 Validation Top 20 DE MSE: 0.0267. 
Epoch 18 Step 1 Train Loss: 0.7269
Epoch 18 Step 51 Train Loss: 0.7258
Epoch 18 Step 101 Train Loss: 0.7268
Epoch 18 Step 151 Train Loss: 0.7318
Epoch 18 Step 201 Train Loss: 0.7252
Epoch 18 Step 251 Train Loss: 0.7322
Epoch 18 Step 301 Train Loss: 0.7328
Epoch 18 Step 351 Train Loss: 0.7265
Epoch 18 Step 401 Train Loss: 0.7258
Epoch 18: Train Overall MSE: 0.0027 Validation Overall MSE: 0.0027. 
Train Top 20 DE MSE: 0.0268 Validation Top 20 DE MSE: 0.0268. 
Epoch 19 Step 1 Train Loss: 0.7312
Epoch 19 Step 51 Train Loss: 0.7298
Epoch 19 Step 101 Train Loss: 0.7261
Epoch 19 Step 151 Train Loss: 0.7259
Epoch 19 Step 201 Train Loss: 0.7257
Epoch 19 Step 251 Train Loss: 0.7287
Epoch 19 Step 301 Train Loss: 0.7296
Epoch 19 Step 351 Train Loss: 0.7253
Epoch 19 Step 401 Train Loss: 0.7303
Epoch 19: Train Overall MSE: 0.0027 Validation Overall MSE: 0.0027. 
Train Top 20 DE MSE: 0.0266 Validation Top 20 DE MSE: 0.0266. 
Epoch 20 Step 1 Train Loss: 0.7279
Epoch 20 Step 51 Train Loss: 0.7324
Epoch 20 Step 101 Train Loss: 0.7278
Epoch 20 Step 151 Train Loss: 0.7312
Epoch 20 Step 201 Train Loss: 0.7321
Epoch 20 Step 251 Train Loss: 0.7262
Epoch 20 Step 301 Train Loss: 0.7300
Epoch 20 Step 351 Train Loss: 0.7266
Epoch 20 Step 401 Train Loss: 0.7313
Epoch 20: Train Overall MSE: 0.0027 Validation Overall MSE: 0.0027. 
Train Top 20 DE MSE: 0.0265 Validation Top 20 DE MSE: 0.0265. 
Done!
Start Testing...
Best performing model: Test Top 20 DE MSE: 0.0797
Done!
Getting GEARS model for split 4; batch size is 128...
'Series' object has no attribute 'nonzero' ignored
Saving 4...
Processing 1 split(s)...
Split 0:
Creating dataloaders....
Done!
Found local copy...
Start Training...
Epoch 1 Step 1 Train Loss: 0.7604
Process Process-2:
Traceback (most recent call last):
  File "/usr/lib/python3.13/multiprocessing/process.py", line 313, in _bootstrap
    self.run()
    ~~~~~~~~^^
  File "/usr/lib/python3.13/multiprocessing/process.py", line 108, in run
    self._target(*self._args, **self._kwargs)
    ~~~~~~~~~~~~^^^^^^^^^^^^^^^^^^^^^^^^^^^^^
  File "/home/mi/sommereg03/bsc_thesis_pGRiNS/Analysis/ml_eval/train_gears_parallel.py", line 52, in train_gears_parallel
    gears_model.train(epochs=20,lr=1e-3)
    ~~~~~~~~~~~~~~~~~^^^^^^^^^^^^^^^^^^^
  File "/storage/mi/sommereg03/vsp/lib/python3.13/site-packages/gears/gears.py", line 525, in train
    pred = self.model(batch)
  File "/storage/mi/sommereg03/vsp/lib/python3.13/site-packages/torch/nn/modules/module.py", line 1751, in _wrapped_call_impl
    return self._call_impl(*args, **kwargs)
           ~~~~~~~~~~~~~~~^^^^^^^^^^^^^^^^^
  File "/storage/mi/sommereg03/vsp/lib/python3.13/site-packages/torch/nn/modules/module.py", line 1762, in _call_impl
    return forward_call(*args, **kwargs)
  File "/storage/mi/sommereg03/vsp/lib/python3.13/site-packages/gears/model.py", line 203, in forward
    cross_gene_out = cross_gene_out * self.indv_w2
                     ~~~~~~~~~~~~~~~^~~~~~~~~~~~~~
torch.OutOfMemoryError: CUDA out of memory. Tried to allocate 526.00 MiB. GPU 0 has a total capacity of 10.90 GiB of which 413.25 MiB is free. Including non-PyTorch memory, this process has 10.50 GiB memory in use. Of the allocated memory 9.82 GiB is allocated by PyTorch, and 516.23 MiB is reserved by PyTorch but unallocated. If reserved but unallocated memory is large try setting PYTORCH_CUDA_ALLOC_CONF=expandable_segments:True to avoid fragmentation.  See documentation for Memory Management  (https://pytorch.org/docs/stable/notes/cuda.html#environment-variables)
Getting GEARS model for split 0; batch size is 512...
'Series' object has no attribute 'nonzero' ignored
nohup: Eingabe wird ignoriert
Found local copy...
Found local copy...
These perturbations are not in the GO graph and their perturbation can thus not be predicted
[]
Local copy of pyg dataset is detected. Loading...
Done!
Devices available: 4; CV runs: 5
Processing 4 split(s)...
Processing 1 split(s)...
Split 0:
Creating dataloaders....
Done!
Found local copy...
Start Training...
Epoch 1 Step 1 Train Loss: 0.7604
Process Process-1:
Traceback (most recent call last):
  File "/usr/lib/python3.13/multiprocessing/process.py", line 313, in _bootstrap
    self.run()
    ~~~~~~~~^^
  File "/usr/lib/python3.13/multiprocessing/process.py", line 108, in run
    self._target(*self._args, **self._kwargs)
    ~~~~~~~~~~~~^^^^^^^^^^^^^^^^^^^^^^^^^^^^^
  File "/home/mi/sommereg03/bsc_thesis_pGRiNS/Analysis/ml_eval/train_gears_parallel.py", line 52, in train_gears_parallel
    gears_model.train(epochs=20,lr=1e-3)
    ~~~~~~~~~~~~~~~~~^^^^^^^^^^^^^^^^^^^
  File "/storage/mi/sommereg03/vsp/lib/python3.13/site-packages/gears/gears.py", line 525, in train
    pred = self.model(batch)
  File "/storage/mi/sommereg03/vsp/lib/python3.13/site-packages/torch/nn/modules/module.py", line 1751, in _wrapped_call_impl
    return self._call_impl(*args, **kwargs)
           ~~~~~~~~~~~~~~~^^^^^^^^^^^^^^^^^
  File "/storage/mi/sommereg03/vsp/lib/python3.13/site-packages/torch/nn/modules/module.py", line 1762, in _call_impl
    return forward_call(*args, **kwargs)
  File "/storage/mi/sommereg03/vsp/lib/python3.13/site-packages/gears/model.py", line 203, in forward
    cross_gene_out = cross_gene_out * self.indv_w2
                     ~~~~~~~~~~~~~~~^~~~~~~~~~~~~~
torch.OutOfMemoryError: CUDA out of memory. Tried to allocate 526.00 MiB. GPU 0 has a total capacity of 10.90 GiB of which 413.25 MiB is free. Including non-PyTorch memory, this process has 10.50 GiB memory in use. Of the allocated memory 9.82 GiB is allocated by PyTorch, and 516.23 MiB is reserved by PyTorch but unallocated. If reserved but unallocated memory is large try setting PYTORCH_CUDA_ALLOC_CONF=expandable_segments:True to avoid fragmentation.  See documentation for Memory Management  (https://pytorch.org/docs/stable/notes/cuda.html#environment-variables)
Getting GEARS model for split 0; batch size is 512...
'Series' object has no attribute 'nonzero' ignored
nohup: Eingabe wird ignoriert
Found local copy...
Found local copy...
These perturbations are not in the GO graph and their perturbation can thus not be predicted
[]
Local copy of pyg dataset is detected. Loading...
Done!
Devices available: 4; CV runs: 5
Processing 4 split(s)...
Processing 1 split(s)...
Split 0:
Creating dataloaders....
Done!
Found local copy...
Start Training...
Epoch 1 Step 1 Train Loss: 0.7594
Epoch 1 Step 51 Train Loss: 0.7411
Epoch 1 Step 101 Train Loss: 0.7285
Epoch 1 Step 151 Train Loss: 0.7285
Epoch 1 Step 201 Train Loss: 0.7295
Epoch 1: Train Overall MSE: 0.0089 Validation Overall MSE: 0.0089. 
Train Top 20 DE MSE: 0.0853 Validation Top 20 DE MSE: 0.0853. 
Epoch 2 Step 1 Train Loss: 0.7257
Epoch 2 Step 51 Train Loss: 0.7263
Epoch 2 Step 101 Train Loss: 0.7290
Epoch 2 Step 151 Train Loss: 0.7279
Epoch 2 Step 201 Train Loss: 0.7268
Epoch 2: Train Overall MSE: 0.0049 Validation Overall MSE: 0.0049. 
Train Top 20 DE MSE: 0.0374 Validation Top 20 DE MSE: 0.0374. 
Epoch 3 Step 1 Train Loss: 0.7288
Epoch 3 Step 51 Train Loss: 0.7305
Epoch 3 Step 101 Train Loss: 0.7290
Epoch 3 Step 151 Train Loss: 0.7263
Epoch 3 Step 201 Train Loss: 0.7245
Epoch 3: Train Overall MSE: 0.0099 Validation Overall MSE: 0.0099. 
Train Top 20 DE MSE: 0.0528 Validation Top 20 DE MSE: 0.0528. 
Epoch 4 Step 1 Train Loss: 0.7238
Epoch 4 Step 51 Train Loss: 0.7270
Epoch 4 Step 101 Train Loss: 0.7273
Epoch 4 Step 151 Train Loss: 0.7239
Epoch 4 Step 201 Train Loss: 0.7273
Epoch 4: Train Overall MSE: 0.0047 Validation Overall MSE: 0.0047. 
Train Top 20 DE MSE: 0.0338 Validation Top 20 DE MSE: 0.0338. 
Epoch 5 Step 1 Train Loss: 0.7244
Epoch 5 Step 51 Train Loss: 0.7235
Epoch 5 Step 101 Train Loss: 0.7247
Epoch 5 Step 151 Train Loss: 0.7263
Epoch 5 Step 201 Train Loss: 0.7281
Epoch 5: Train Overall MSE: 0.0063 Validation Overall MSE: 0.0063. 
Train Top 20 DE MSE: 0.0328 Validation Top 20 DE MSE: 0.0328. 
Epoch 6 Step 1 Train Loss: 0.7265
Epoch 6 Step 51 Train Loss: 0.7261
Epoch 6 Step 101 Train Loss: 0.7247
Epoch 6 Step 151 Train Loss: 0.7262
Epoch 6 Step 201 Train Loss: 0.7215
Epoch 6: Train Overall MSE: 0.0031 Validation Overall MSE: 0.0031. 
Train Top 20 DE MSE: 0.0229 Validation Top 20 DE MSE: 0.0229. 
Epoch 7 Step 1 Train Loss: 0.7281
Epoch 7 Step 51 Train Loss: 0.7243
Epoch 7 Step 101 Train Loss: 0.7255
Epoch 7 Step 151 Train Loss: 0.7263
Epoch 7 Step 201 Train Loss: 0.7311
Epoch 7: Train Overall MSE: 0.0026 Validation Overall MSE: 0.0026. 
Train Top 20 DE MSE: 0.0193 Validation Top 20 DE MSE: 0.0193. 
Epoch 8 Step 1 Train Loss: 0.7282
Epoch 8 Step 51 Train Loss: 0.7245
Epoch 8 Step 101 Train Loss: 0.7256
Epoch 8 Step 151 Train Loss: 0.7246
Epoch 8 Step 201 Train Loss: 0.7287
Epoch 8: Train Overall MSE: 0.0021 Validation Overall MSE: 0.0021. 
Train Top 20 DE MSE: 0.0166 Validation Top 20 DE MSE: 0.0166. 
Epoch 9 Step 1 Train Loss: 0.7279
Epoch 9 Step 51 Train Loss: 0.7237
Epoch 9 Step 101 Train Loss: 0.7263
Epoch 9 Step 151 Train Loss: 0.7247
Epoch 9 Step 201 Train Loss: 0.7286
Epoch 9: Train Overall MSE: 0.0020 Validation Overall MSE: 0.0020. 
Train Top 20 DE MSE: 0.0155 Validation Top 20 DE MSE: 0.0155. 
Epoch 10 Step 1 Train Loss: 0.7269
Epoch 10 Step 51 Train Loss: 0.7228
Epoch 10 Step 101 Train Loss: 0.7242
Epoch 10 Step 151 Train Loss: 0.7214
Epoch 10 Step 201 Train Loss: 0.7288
Epoch 10: Train Overall MSE: 0.0019 Validation Overall MSE: 0.0019. 
Train Top 20 DE MSE: 0.0152 Validation Top 20 DE MSE: 0.0152. 
Epoch 11 Step 1 Train Loss: 0.7249
Epoch 11 Step 51 Train Loss: 0.7254
Epoch 11 Step 101 Train Loss: 0.7264
Epoch 11 Step 151 Train Loss: 0.7252
Epoch 11 Step 201 Train Loss: 0.7255
Epoch 11: Train Overall MSE: 0.0019 Validation Overall MSE: 0.0019. 
Train Top 20 DE MSE: 0.0152 Validation Top 20 DE MSE: 0.0152. 
Epoch 12 Step 1 Train Loss: 0.7247
Epoch 12 Step 51 Train Loss: 0.7287
Epoch 12 Step 101 Train Loss: 0.7241
Epoch 12 Step 151 Train Loss: 0.7271
Epoch 12 Step 201 Train Loss: 0.7268
Epoch 12: Train Overall MSE: 0.0019 Validation Overall MSE: 0.0019. 
Train Top 20 DE MSE: 0.0151 Validation Top 20 DE MSE: 0.0151. 
Epoch 13 Step 1 Train Loss: 0.7248
Epoch 13 Step 51 Train Loss: 0.7269
Epoch 13 Step 101 Train Loss: 0.7245
Epoch 13 Step 151 Train Loss: 0.7266
Epoch 13 Step 201 Train Loss: 0.7257
Epoch 13: Train Overall MSE: 0.0019 Validation Overall MSE: 0.0019. 
Train Top 20 DE MSE: 0.0152 Validation Top 20 DE MSE: 0.0152. 
Epoch 14 Step 1 Train Loss: 0.7270
Epoch 14 Step 51 Train Loss: 0.7241
Epoch 14 Step 101 Train Loss: 0.7273
Epoch 14 Step 151 Train Loss: 0.7226
Epoch 14 Step 201 Train Loss: 0.7284
Epoch 14: Train Overall MSE: 0.0019 Validation Overall MSE: 0.0019. 
Train Top 20 DE MSE: 0.0153 Validation Top 20 DE MSE: 0.0152. 
Epoch 15 Step 1 Train Loss: 0.7251
Epoch 15 Step 51 Train Loss: 0.7224
Epoch 15 Step 101 Train Loss: 0.7271
Epoch 15 Step 151 Train Loss: 0.7234
Epoch 15 Step 201 Train Loss: 0.7278
Epoch 15: Train Overall MSE: 0.0019 Validation Overall MSE: 0.0019. 
Train Top 20 DE MSE: 0.0152 Validation Top 20 DE MSE: 0.0151. 
Epoch 16 Step 1 Train Loss: 0.7266
Epoch 16 Step 51 Train Loss: 0.7233
Epoch 16 Step 101 Train Loss: 0.7242
Epoch 16 Step 151 Train Loss: 0.7283
Epoch 16 Step 201 Train Loss: 0.7260
Epoch 16: Train Overall MSE: 0.0019 Validation Overall MSE: 0.0019. 
Train Top 20 DE MSE: 0.0151 Validation Top 20 DE MSE: 0.0151. 
Epoch 17 Step 1 Train Loss: 0.7238
Epoch 17 Step 51 Train Loss: 0.7229
Epoch 17 Step 101 Train Loss: 0.7239
Epoch 17 Step 151 Train Loss: 0.7267
Epoch 17 Step 201 Train Loss: 0.7243
Epoch 17: Train Overall MSE: 0.0019 Validation Overall MSE: 0.0019. 
Train Top 20 DE MSE: 0.0152 Validation Top 20 DE MSE: 0.0152. 
Epoch 18 Step 1 Train Loss: 0.7261
Epoch 18 Step 51 Train Loss: 0.7264
Epoch 18 Step 101 Train Loss: 0.7227
Epoch 18 Step 151 Train Loss: 0.7288
Epoch 18 Step 201 Train Loss: 0.7249
Epoch 18: Train Overall MSE: 0.0019 Validation Overall MSE: 0.0019. 
Train Top 20 DE MSE: 0.0152 Validation Top 20 DE MSE: 0.0152. 
Epoch 19 Step 1 Train Loss: 0.7289
Epoch 19 Step 51 Train Loss: 0.7213
Epoch 19 Step 101 Train Loss: 0.7251
Epoch 19 Step 151 Train Loss: 0.7289
Epoch 19 Step 201 Train Loss: 0.7266
Epoch 19: Train Overall MSE: 0.0019 Validation Overall MSE: 0.0019. 
Train Top 20 DE MSE: 0.0151 Validation Top 20 DE MSE: 0.0151. 
Epoch 20 Step 1 Train Loss: 0.7243
Epoch 20 Step 51 Train Loss: 0.7245
Epoch 20 Step 101 Train Loss: 0.7259
Epoch 20 Step 151 Train Loss: 0.7261
Epoch 20 Step 201 Train Loss: 0.7261
Epoch 20: Train Overall MSE: 0.0019 Validation Overall MSE: 0.0019. 
Train Top 20 DE MSE: 0.0151 Validation Top 20 DE MSE: 0.0151. 
Done!
Start Testing...
Best performing model: Test Top 20 DE MSE: 0.0780
Done!
Getting GEARS model for split 0; batch size is 256...
'Series' object has no attribute 'nonzero' ignored
Saving 0...
